ID,Name,Meaning
1,Aaron,a teacher; lofty; mountain of strength
2,Abaddon,the destroyer
3,Abagtha,father of the wine-press
4,Abana,made of stone; a building
5,Abarim,passages; passengers
6,Abba,father
7,Abda,a servant; servitude
8,Abdeel,a vapor; a cloud of God
9,Abdi,my servant
10,Abdiel,servant of God
11,Abdon,servant; cloud of judgment
12,Abednego,servant of light; shining
13,Abel,vanity; breath; vapor
14,Abel,a city; mourning
15,Abel-beth-maachah,mourning to the house of Maachah
16,Abel-maim,mourning of waters
17,Abel-meholah,mourning of sickness
18,Abel-mizraim,the mourning of Egyptians
19,Abel-shittim,mourning of thorns
20,Abez,an egg; muddy
21,Abi,my father
22,Abiah,the Lord is my father
23,Abi-albon,most intelligent father
24,Abiasaph,consuming father; gathering
25,Abiathar,excellent father; father of the remnant
26,Abib,green fruit; ears of corn
27,Abidah,father of knowledge
28,Abidan,father of judgment
29,Abiel,God my father
30,Abiezer,father of help
31,Abigail,the father's joy
32,Abihail,the father of strength
33,Abihu,he is my father
34,Abihud,father of praise; confession
35,Abijah,the Lord is my father
36,Abijam,father of the sea
37,Abilene,the father of mourning
38,Abimael,a father sent from God
39,Abimelech,father of the king
40,Abinadab,"father of a vow, or of willingness"
41,Abinoam,father of beauty
42,Abiram,high father; father of deceit
43,Abishag,ignorance of the father
44,Abishai,the present of my father
45,Abishalom,father of peace
46,Abishua,father of salvation
47,Abishur,father of the wall; father of uprightness
48,Abital,the father of the dew; or of the shadow
49,Abitub,father of goodness
50,Abiud,father of praise
51,Abner,father of light
52,Abram,high father
53,Abraham,father of a great multitude
54,Absalom,father of peace
55,Accad,a vessel; pitcher; spark
56,Accho,close; pressed together
57,Aceldama,field of blood
58,Achab,brother of the father
59,Achaia,grief; trouble
60,Achaicus,a native of Achaia; sorrowing; sad
61,Achan,"or Achar, he that troubleth"
62,Achaz,"one that takes, or possesses"
63,Achbor,a rat; bruising
64,Achim,preparing; revenging; confirming
65,Achish,thus it is; how is this
66,Achmetha,brother of death
67,Achor,trouble
68,Achsah,adorned; bursting the veil
69,Achshaph,poison; tricks
70,Achzib,liar; lying; one that runs
71,Adadah,testimony of the assembly
72,Adah,an assembly
73,Adaiah,the witness of the Lord
74,Adaliah,one that draws water; poverty; cloud; death
75,Adam,earthy; red
76,Adamah,red earth; of blood
77,Adami,my man; red; earthy; human
78,Adar,high; eminent
79,Adbeel,"vapor, or cloud of God"
80,Addi,my witness; adorned; prey
81,Addin,adorned; delicious; voluptuous
82,Addon,basis; foundation; the Lord
83,Adiel,the witness of the Lord
84,Adin,"Adina, adorned; voluptuous; dainty"
85,Adithaim,assemblies; testimonies
86,Adlai,my witness; my ornament
87,Admah,earthy; red; bloody
88,Admatha,a cloud of death; a mortal vapor
89,Adna,pleasure; delight
90,Adnah,eternal rest
91,Adoni-bezek,the lightning of the Lord; the Lord of lightning
92,Adonijah,the Lord is my master
93,Adonikam,the Lord is raised
94,Adoniram,my Lord is most high; Lord of might and elevation
95,Adoni-zedek,justice of the Lord; lord of justice
96,Adoraim,strength of the sea
97,Adoram,their beauty; their power
98,Adrammelech,"the cloak, glory, grandeur or power of the king"
99,Adramyttium,the court of death
100,Adriel,the flock of God
101,Adullam,their testimony; their prey; their ornament
102,Adummim,earthy; red; bloody things
103,Aeneas,praised; praiseworthy
104,Aenon,a cloud; fountain; his eye
105,Agabus,a locust; the father's joy or feast
106,Agag,roof; upper floor
107,Agar,"or Hagar, a stranger; one that fears"
108,Agee,a valley; deepness
109,Agrippa,one who causes great pain at his birth
110,Agur,stranger; gathered together
111,Ahab,"uncle, or father's brother"
112,Aharah,a smiling brother; a meadow of a sweet savor
113,Aharhel,another host; the last sorrow; a brother's sheep
114,Ahasbai,trusting in me; a grown-up brother
115,Ahasuerus,prince; head; chief
116,Ahava,essence; being; generation
117,Ahaz,one that takes or possesses
118,Ahaziah,seizure; vision of the Lord
119,Ahi,my brother; my brethren
120,Ahiah,brother of the Lord
121,Ahiam,mother's brother; brother of a nation
122,Ahian,brother of wine
123,Ahiezer,brother of assistance
124,Ahihud,"brother of vanity, or of darkness, or of joy, or of praise;  witty brother"
125,Ahijah,same with Ahiah
126,Ahikam,a brother who raises up or avenges
127,Ahilud,"a brother born, or begotten"
128,Ahimaaz,a brother of the council
129,Ahiman,brother of the right hand
130,Ahimelech,my brother is a king; my king's brother
131,Ahimoth,brother of death
132,Ahinadab,a willing brother; brother of a vow
133,Ahinoam,beauty of the brother; brother of motion
134,Ahio,his brother; his brethren
135,Ahira,brother of iniquity; brother of the shepherd
136,Ahiram,"brother of craft, or of protection"
137,Ahisamach,brother of strength
138,Ahishahur,brother of the morning or dew; brother of blackness
139,Ahishar,brother of a prince; brother of a song
140,Ahithophel,brother of ruin or folly
141,Ahitub,brother of goodness
142,Ahlab,"made of milk, or of fat; brother of the heart"
143,Ahlai,beseeching; sorrowing; expecting
144,Ahoah,a live brother; my thorn or thistle
145,Aholah,his tabernacle; his tent
146,Aholiab,the tent of the father
147,Aholibah,"my tent, or my tabernacle, in her"
148,Aholibamah,my tabernacle is exalted
149,Ahumai,a meadow of waters; a brother of waters
150,Ahuzam,their taking or possessing vision
151,Ahuzzah,possession; seizing; collecting
152,Ai,"or Hai, mass; heap"
153,Aiah,"vulture, raven; an isle; alas, where is it?"
154,Aiath,same as Ai; an hour; eye; fountain
155,Aijeleth-Shahar,the land of the morning
156,Ain,same as Aiath
157,Ajalon,a chain; strength; a stag
158,Akkub,foot-print; supplanting; crookedness; lewdness
159,Akrabbim,scorpions
160,Alammelech,God is king
161,Alemeth,hiding; youth; worlds; upon the dead
162,Alexander,one who assists men
163,Alian,high
164,Alleluia,praise the Lord
165,Allon,an oak; strong
166,Allon-bachuth,the oak of weeping
167,Almodad,measure of God
168,Almon,hidden
169,Almon-diblathaim,hidden in a cluster of fig trees
170,Alpheus,a thousand; learned; chief
171,Alush,mingling together
172,Alvah,his rising up; his highness
173,Amad,people of witness; a prey
174,Amal,labor; iniquity
175,Amalek,a people that licks up
176,Aman,mother; fear of them
177,Amana,integrity; truth; a nurse
178,Amariah,the Lord says; the integrity of the Lord
179,Amasa,sparing the people
180,Amasai,strong
181,Amashai,the people's gift
182,Amashi-ali,same as Amaziah
183,Ami,mother; fear; people
184,Amaziah,the strength of the Lord
185,Aminadab,same as Amminadab
186,Amittai,true; fearing
187,Ammah,"my, or his, people"
188,Ammi,same as Ammah
189,Ammiel,the people of God
190,Ammihud,people of praise
191,Ammi-nadab,my people is liberal
192,Ammishaddai,the people of the Almighty; the Almighty is with me
193,Ammizabad,dowry of the people
194,Ammon,a people; the son of my people
195,Amnon,faithful and true; tutor
196,Amok,a valley; a depth
197,Amon,faithful; true
198,Amorite,bitter; a rebel; a babbler
199,Amos,loading; weighty
200,Amoz,strong; robust
201,Amplias,large; extensive
202,Amram,an exalted people; their sheaves; handfuls of corn
203,Amraphel,one that speaks of secrets
204,Amzi,"strong, mighty"
205,Anab,a grape; a knot
206,Anah,one who answers; afflicted
207,Anaharath,"dryness, burning, wrath"
208,Anak,a collar; ornament
209,Anamim,a fountain; answer; affliction
210,Anammelech,answer; poverty of the king
211,Anani,a cloud; prophecy; divination
212,Ananias,"or Ananiah, the cloud of the Lord"
213,Anathema,separated; set apart
214,Anathoth,"or Anath, answer; song; poverty"
215,Andrew,a strong man
216,Andronicus,a man excelling others
217,Anem,"or Anen, an answer; their affliction"
218,Aner,answer; song; affliction
219,Aniam,a people; the strength or sorrow of people
220,Anim,answerings; singings; afflicted
221,Anna,gracious; one who gives
222,Annas,one who answers; humble
223,Antichrist,an adversary to Christ
224,Antioch,speedy as a chariot
225,Antipas,"for all, or against all"
226,Antipatris,"for, or against the father"
227,Antothijah,answers or songs of the Lord; afflictions
228,Anub,same as Anab
229,Apelles,exclusion; separation
230,Apharsathchites,Apharsites (from a root meaning) dividing or rending
231,Aphek,"Aphekah, Aphik, strength; a rapid torrent"
232,Aphiah,"speaking, blowing"
233,Apocalypse,"uncovering, revelation"
234,Apocrypha,hidden
235,Apollonia,"perdition, destruction"
236,Apollonius,destroying
237,Apollos,one who destroys; destroyer
238,Apollyon,a destroyer
239,Appaim,face; nostrils
240,Apphia,productive; fruitful
241,Aquila,an eagle
242,Ar,awakening; uncovering
243,Ara,cursing; seeing
244,Arab,multiplying; sowing sedition; a window; a locust
245,Arabia,evening; desert; ravens
246,Arad,a wild ass; a dragon
247,Arah,the way; a traveler
248,Aram,"highness, magnificence, one that deceives; curse"
249,Aran,an ark; their curse
250,Ararat,the curse of trembling
251,Araunah,ark; song; joyful cry
252,Arba,four
253,Archelaus,the prince of the people
254,Archippus,a master of horses
255,Arcturus,a gathering together
256,Ard,one that commands; he that descends
257,Ardon,ruling; a judgment of malediction
258,Areli,the light or vision of God
259,Areopagus,the hill of Mars
260,Aretas,"agreeable, virtuous"
261,Argob,"a turf, or fat land"
262,Ariel,altar; light or lion of God
263,Arimathea,a lion dead to the Lord
264,Arioch,long; great; tall
265,Aristarchus,the best prince
266,Aristobulus,a good counselor
267,Armageddon,hill of fruits; mountain of Megiddo
268,Arnon,rejoicing; sunlight
269,Aroer,heath; tamarisk
270,Arpad,the light of redemption
271,Arphaxad,a healer; a releaser
272,Artaxerxes,the silence of light; fervent to spoil
273,Artemas,"whole, sound"
274,Arumah,high; exalted
275,Asa,physician; cure
276,Asahel,creature of God
277,Asaiah,the Lord hath wrought
278,Asaph,who gathers together
279,Asareel,the beatitude of God
280,Asenath,peril; misfortune
281,Ashan,smoke
282,Ashbel,an old fire
283,Ashdod,effusion; inclination; theft
284,Asher,happiness
285,Ashima,crime; offense
286,Ashkenaz,a fire that spreads
287,Ashnah,change
288,Ashriel,same as Asareel
289,Ashtaroth,"Ashtoreth, flocks; sheep; riches"
290,Ashur,who is happy; or walks; or looks
291,Asia,muddy; boggy
292,Asiel,the work of God
293,Askelon,weight; balance; fire of infamy
294,Asnapper,unhappiness; increase of danger
295,Asriel,help of God
296,Assir,prisoner; fettered
297,Asshurim,liers in want; beholders
298,Assos,approaching; coming near
299,Assur,same as Ashur
300,Assyria,country of Assur or Ashur
301,Asuppim,gatherings
302,Asyncritus,incomparable
303,Atad,a thorn
304,Atarah,a crown
305,Ataroth,crowns
306,Ataroth-addar,crowns of power
307,Ater,left hand; shut
308,Athach,thy time
309,Athaiah,the Lord's time
310,Athaliah,the time of the Lord
311,Athlai,my hour or time
312,Attai,same as Athlai
313,Attalia,that increases or sends
314,Attalus,"increased, nourished"
315,Augustus,"increased, augmented"
316,Ava,"or Ivah, iniquity"
317,Aven,iniquity; force; riches; sorrow
318,Avim,wicked or perverse men
319,Avith,"wicked, perverse"
320,Azaliah,near the Lord
321,Azaniah,hearing the Lord; the Lord's weapons
322,Azareel,help of God
323,Azariah,he that hears the Lord
324,Azaz,strong one
325,Azazel,the scape-goat
326,Azaziah,strength of the Lord
327,Azekah,strength of walls
328,Azgad,a strong army; a gang of robbers
329,Azmaveth,strong death; a he-goat
330,Azmon,bone of a bone; our strength
331,Aznoth-tabor,the ears of Tabor; the ears of purity or contrition
332,Azor,a helper; a court
333,Azotus,the same as Ashdod
334,Azriel,same as Asriel
335,Azrikam,"help, revenging"
336,Azubah,forsaken
337,Azur,he that assists or is assisted
338,Azzan,their strength
339,Azzur,same as Azur
340,Baal,master; lord
341,Baalah,her idol; she that is governed or subdued; a spouse
342,Baalath,a rejoicing; our proud lord
343,Baalath-beer,subjected pit
344,Baal-berith,idol of the covenant
345,Baale,same as Baalath
346,Baal-gad,idol of fortune or felicity
347,Baal-hamon,who rules a crowd
348,Baal-hermon,possessor of destruction or of a thing cursed
349,Baali,my idol; lord over me
350,Baalim,idols; masters; false gods
351,Baalis,a rejoicing; a proud lord
352,Baal-meon,idol or master of the house
353,Baal-peor,master of the opening
354,Baal-perazim,god of divisions
355,Baal-shalisha,the god that presides over three; the third idol
356,Baal-tamar,master of the palm-tree
357,Baal-zebub,god of the fly
358,Baal-zephon,the idol or possession of the north; hidden; secret
359,Baanah,in the answer; in affliction
360,Baara,a flame; purging
361,Baaseiah,in making; in pressing together
362,Baasha,"he that seeks, or lays waste"
363,Babel,confusion; mixture
364,Babylon,same as Babel
365,Baca,a mulberry-tree
366,Bahurim,choice; warlike; valiant
367,Bajith,a house
368,Balaam,the ancient of the people; the destruction of the people
369,Baladan,one without judgment
370,Balak,who lays waste or destroys
371,Bamah,an eminence or high place
372,Barabbas,"son of shame, confusion"
373,Barachel,that bows before God
374,Barachias,same as Barachel
375,Barak,"thunder, or in vain"
376,Barjesus,son of Jesus or Joshua
377,Barjona,son of a Jona; of a dove
378,Barnabas,"son of the prophet, or of consolation"
379,Barsabas,son of return; son of rest
380,Bartholomew,a son that suspends the waters
381,Bartimeus,son of the honorable
382,Baruch,who is blessed
383,Barzillai,son of contempt; made of iron
384,Bashan,"in the tooth, in ivory"
385,Bashemath,perfumed; confusion of death; in desolation
386,Bathsheba,the seventh daughter; the daughter of satiety
387,Bathsuha,same as Bathsheba
388,Bealiah,the god of an idol; in an assembly
389,Bealoth,cast under
390,Bebai,"void, empty"
391,Becher,first begotten; first fruits
392,Bechorath,first fruits
393,Bedad,alone; solitary
394,Bedaiah,"Bedeiah, the only Lord"
395,Bedan,according to judgment
396,Beeliada,an open idol
397,Beelzebub,same as Baalzebub
398,Beer,a well
399,Beera,a well; declaring
400,Beerelim,"the well of Elim, or of rains"
401,Beeri,my well
402,Beer-lahai-roi,the well of him that liveth and seeth me
403,Beeroth,wells; explaining
404,Beersheba,the well of an oath; the seventh well
405,Behemoth,beasts
406,Bekah,half a shekel
407,Belah,destroying
408,Belial,"wicked, worthless"
409,Belshazzar,master of the treasure
410,Belteshazzar,who lays up treasures in secret
411,Ben,a son
412,Benaiah,son of the Lord
413,Ben-ammi,son of my people
414,Beneberak,sons of lightning
415,Bene-jaakan,sons of sorrow
416,Benhadad,"son of Hadad, or noise"
417,Benhail,son of strength
418,Benhanan,son of grace
419,Benjamin,son of the right hand
420,Benimi,our sons
421,Beno,his son
422,Benoni,"son of my sorrow, or pain"
423,Benzoheth,son of separation
424,Beon,in affliction
425,Beor,burning; foolish; mad
426,Bera,a well; declaring
427,Berachah,blessing; bending the knee
428,Berachiah,speaking well of the Lord
429,Beraiah,the choosing of the Lord
430,Berea,heavy; weighty
431,Bered,hail
432,Beri,my son; my corn
433,Beriah,in fellowship; in envy
434,Berith,covenant
435,Bernice,one that brings victory
436,Berodach-baladan,the son of death
437,Berothai,wells; a cypress
438,Berothath,of a well
439,Besai,a despising; dirty
440,Besodeiah,counsel of the Lord
441,Besor,glad news; incarnation
442,Betah,confidence
443,Beten,belly
444,Bethabara,the house of confidence
445,Bethanath,house of affliction
446,Bethany,the house of song; the house of affliction
447,Betharabah,house of sweet smell
448,Beth-aram,house of height
449,Beth-aven,the house of vanity; of iniquity of trouble
450,Beth-azmaveth,house of death's strength
451,Beth-baalmeon,an idol of the dwelling-place
452,Beth-barah,the chosen house
453,Beth-birei,"the house of my Creator, the house of my health"
454,Beth-car,the house of the lamb
455,Beth-dagon,"the house of corn, or of fish"
456,Beth-diblathaim,house of dry figs
457,Beth-el,the house of God
458,Bethemek,house of deepness
459,Bether,"division, or in the trial"
460,Bethesda,house of pity or mercy
461,Beth-ezal,a neighbor's house
462,Beth-gader,a house for a mouse
463,Beth-gamul,"house of recompense, or of the camel"
464,Beth-haccerem,house of the vineyard
465,Beth-haran,house of grace
466,Beth-horon,house of wrath
467,Beth-lebaoth,house of lionesses
468,Beth-lehem,house of bread
469,Beth-marcaboth,house of bitterness wiped out
470,Beth-meon,house of the dwelling-place
471,Beth-nimrah,house of rebellion
472,Beth-palet,house of expulsion
473,Beth-pazzez,house of dividing asunder
474,Beth-peor,"house of gaping, or opening"
475,Bethphage,"house of my month, or of early figs"
476,Beth-phelet,same as Beth-palet
477,Beth-rapha,house of health
478,Bethsaida,"house of fruits, or of food, or of snares"
479,Bethshan,"Beth-shean, house of the tooth, or of ivory, or of sleep"
480,Beth-shemesh,house of the sun
481,Bethuel,filiation of God
482,Beth-zur,house of a rock
483,Betonim,bellies
484,Beulah,married
485,Bezai,eggs
486,Bezaleel,in the shadow of God
487,Bezek,lightning; in the chains
488,Bezer,vine branches
489,Bichri,first-born; first fruits
490,Bidkar,"in compunction, or sharp pain"
491,Bigthan,in the press; giving meat
492,Bigvai,in my body
493,Bildad,old friendship
494,Bileam,the ancient of the people; the devourer
495,Bilgah,ancient countenance
496,Bilhah,"Bilhan, who is old or confused"
497,Bilshan,in the tongue
498,Binea,son of the Lord
499,Binnui,building
500,Birsha,an evil; a son who beholds
501,Bishlam,in peace
502,Bithiah,daughter of the Lord
503,Bithron,divisions
504,Bithynia,violent precipitation
505,Bizjothjah,despite
506,Blastus,that buds or brings forth
507,Boanerges,son of thunder
508,Boaz,"or Booz, in strength"
509,Bocheru,the first born
510,Bochim,the place of weeping; or of mulberry-trees
511,Bohan,in them
512,Boskath,in poverty
513,Boson,taking away
514,Bozez,mud; bog
515,Bozrah,in tribulation or distress
516,Bukki,void
517,Bukkiah,the dissipation of the Lord
518,Bul,old age; perishing
519,Bunah,building; understanding
520,Bunni,building me
521,Buz,despised; plundered
522,Buzi,my contempt
523,Cabbon,as though understanding
524,Cabul,displeasing; dirty
525,Caiphas,he that seeks with diligence; one that vomiteth
526,Cain,"possession, or possessed"
527,Cainan,possessor; purchaser
528,Calah,favorable; opportunity
529,Calcol,nourishing
530,Caleb,a dog; a crow; a basket
531,Caleb-Ephratah,see Ephratah
532,Calneh,our consummation
533,Calno,our consummation; altogether himself
534,Calvary,the place of a skull
535,Camon,his resurrection
536,Cana,zeal; jealousy; possession
537,Canaan,merchant; trader; or that humbles and subdues
538,Candace,who possesses contrition
539,Capernaum,the field of repentance; city of comfort
540,Caphtor,"a sphere, buckle, or hand"
541,Cappadocia,the same as Caphtor
542,Carcas,the covering of a lamb
543,Charchemish,a lamb; as taken away; withdrawn
544,Careah,bald; ice
545,Carmel,circumcised lamb; harvest; full of ears of corn
546,Carmi,my vineyard; lamb of the waters
547,Carpus,fruit; fruitful
548,Carshena,a lamb; sleeping
549,Casiphia,money; covetousness
550,Casluhim,hopes of life
551,Cedron,black; sad
552,Cenchrea,millet; small pulse
553,Cephas,a rock or stone
554,Cesar,a name applied to those who are cut out of the womb
555,Chalcol,"who nourishes, consumes, and sustains the whole"
556,Chaldea,"as demons, or as robbers"
557,Charran,a singing or calling out
558,Chebar,force or strength
559,Chedorlaomer,roundness of a sheaf
560,Chelal,as night
561,Chelub,a basket
562,Chelluh,all
563,Chelubai,he altogether against me
564,Chemarims,black ones
565,Chemosh,handling; stroking; taking away
566,Chenaanah,broken in pieces
567,Chenani,my pillar
568,Chenaniah,"preparation, or disposition, or strength, of the Lord"
569,Chephirah,a little lioness
570,Cheran,anger
571,Cherethims,"Cherethites, who cut or tear away"
572,Cherith,cutting; piercing; slaying
573,Chesed,"as a devil, or a destroyer"
574,Chesil,foolishness
575,Chesulloth,fearfulness
576,Chidon,a dart
577,Chiliab,totality; or the perfection of the father
578,Chilion,finished; complete; perfect
579,Chilmad,teaching or learning
580,Chimham,as they; like to them
581,Chios,open; opening
582,Chisleu,"Cisleu, Casleu, rashness; confidence"
583,Chislon,"hope, trust"
584,Chisloth-tabor,fears; purity
585,Chittem,those that bruise; gold
586,Chloe,green herb
587,Chorazin,the secret; here is a mystery
588,Chozeba,men liers in wait
589,Christ,anointed
590,Chun,making ready
591,Chushan-rishathaim,blackness of iniquities
592,Chuza,the seer or prophet
593,Cilicia,which rolls or overturns
594,Cis,same as Kish
595,Clauda,a lamentable voice
596,Claudia,"Claudius, lame"
597,Clement,mild; good; merciful
598,Cleophas,the whole glory
599,Cnidus,age
600,Colhozeh,every prophet
601,Colosse,punishment; correction
602,Coniah,strength of the Lord
603,Coos,"top, summit"
604,Corinth,which is satisfied; ornament; beauty
605,Cornelius,of a horn
606,Cosam,divining
607,Coz,a thorn
608,Cozbi,a liar; sliding away
609,Crescens,growing; increasing
610,Crete,carnal; fleshly
611,Crispus,curled
612,Cush,"Cushan, Cushi, Ethiopians; blackness"
613,Cuth,"Cuthah, burning"
614,Cyprus,fair; fairness
615,Cyrene,a wall; coldness; the floor
616,Cyrenius,who governs
617,Cyrus,as miserable; as heir
618,Dabareh,the word; the thing; a bee; obedient
619,Dabbasheth,flowing with honey
620,Daberath,same as Dabareh
621,Dagon,corn; a fish
622,Dalaiah,the poor of the Lord
623,Dalmanutha,a bucket; a branch
624,Dalmatia,deceitful lamps; vain brightness
625,Dalphon,the house of caves
626,Damaris,a little woman
627,Damascus,a sack full of blood; the similitude of burning
628,Dan,judgment; he that judges
629,Daniel,judgment of God; God my judge
630,Dannah,judging
631,Darah,generation; house of the shepherd or of the companion
632,Darda,home of knowledge
633,Darius,he that informs himself
634,Darkon,of generation; of possession
635,Dathan,laws or rites
636,David,"well-beloved, dear"
637,Debir,an orator; a word
638,Deborah,word; thing; a bee
639,Decapolis,containing ten cities
640,Dedan,their breasts; friendship; a judge
641,Dedanim,the descendants of Dedan
642,Dekar,force
643,Delaiah,the poor of the Lord
644,Delilah,poor; small; head of hair
645,Demas,popular
646,Demetrius,"belonging to corn, or to Ceres"
647,Derbe,a sting
648,Deuel,the knowledge of God
649,Deuteronomy,repetition of the law
650,Diana,"luminous, perfect"
651,Diblaim,cluster of figs
652,Diblath,paste of dry figs
653,Dibon,abundance of knowledge
654,Dibon-gad,great understanding; abundance of sons
655,Dibri,an orator
656,Dibzahab,"Dizahab, where much gold is"
657,Didymus,a twin; double
658,Diklah,"Dildah, his diminishing"
659,Dilean,that is poor
660,Dimon,where it is red
661,Dimonah,dunghill
662,Dinah,judgment; who judges
663,Dinhabah,he gives judgment
664,Dionysius,divinely touched
665,Diotrephes,nourished by Jupiter
666,Dishan,a threshing
667,Dishon,fatness; ashes
668,Dodai,"Dodanim, beloved"
669,Dodavah,love
670,Dodo,his uncle
671,Doeg,"careful, who acts with uneasiness"
672,Dophkah,a knocking
673,Dor,"generation, habitation"
674,Dorcas,a female roe-deer
675,Dothan,the law; custom
676,Drusilla,watered by the dew
677,Dumali,silence; resemblance
678,Dura,same as Dor
679,Ebal,ancient heaps
680,Ebed,a servant; laborer
681,Ebed-melech,the king's servant
682,Eben-ezer,the stone of help
683,Eber,one that passes; anger
684,Ebiasaph,a father that gathers or adds
685,Ebronah,passage over; being angry
686,Ecclesiastes,a preacher
687,Ed,witness
688,Eden,pleasure; delight
689,Eder,a flock
690,Edom,"red, earthy; of blood"
691,Edrei,"a very great mass, or cloud"
692,Eglah,heifer; chariot; round
693,Eglaim,drops of the sea
694,Eglon,same as Eglah
695,Egypt,that troubles or oppresses; anguish
696,Ehud,he that praises
697,Eker,"barren, feeble"
698,Ekron,barrenness; torn away
699,Eladah,the eternity of God
700,Elah,an oak; a curse; perjury
701,Elam,a young man; a virgin; a secret
702,Elasah,the doings of God
703,Elath,a hind; strength; an oak
704,El-beth-el,the God of Bethel
705,Eldaah,knowledge of God
706,Eldad,favored of God; love of God
707,Elead,witness of God
708,Elealeh,burnt-offering of God
709,Eleazar,"help of God, court of God"
710,El-elohe-Israel,"God, the God of Israel"
711,Eleph,learning
712,Elhanan,"grace, or gift, or mercy of God"
713,Eli,the offering or lifting up
714,Eli,"Eli, my God, my God"
715,Eliab,God is my father; God is the father
716,Eliada,knowledge of God
717,Eliah,God the Lord
718,Eliahba,my God the Father
719,Eliakim,resurrection of God
720,Eliam,the people of God
721,Elias,same as Elijah
722,Eliasaph,the Lord increaseth
723,Eliashib,the God of conversion
724,Eliathah,thou art my God
725,Elidad,beloved of God
726,Eliel,"God, my God"
727,Elienai,the God of my eyes
728,Eliezer,"help, or court, of my God"
729,Elihoreph,"god of winter, or of youth"
730,Elihu,he is my God himself
731,Elijah,"God the Lord, the strong Lord"
732,Elika,pelican of God
733,Elim,the rams; the strong; stags
734,Elimelech,my God is king
735,Elioenai,toward him are mine eyes; or to him are my fountains
736,Eliphal,a miracle of God
737,Eliphalet,the God of deliverance
738,Eliphaz,the endeavor of God
739,Elisabeth,"Elizabeth, the oath, or fullness, of God"
740,Elisha,salvation of God
741,Elishah,it is God; the lamb of God: God that gives help
742,Elishama,God hearing
743,Elishaphat,my God judgeth
744,Elisheba,same as Elisabeth
745,Elishua,God is my salvation
746,Eliud,God is my praise
747,Elizur,God is my strength; my rock; rock of God
748,Elkanah,God the zealous; the zeal of God
749,Elkeshai,hardiness or rigor of God
750,Ellasar,revolting from God
751,Elkoshite,a man of Elkeshai
752,Elmodam,"the God of measure, or of the garment"
753,Elnaam,God's fairness
754,Elnathan,God hath given; the gift of God
755,Elohi,"Elohim, God"
756,Elon,oak; grove; strong
757,Elon-beth-hanan,the house of grace or mercy
758,Elpaal,God's work
759,Elpalet,same as Eliphalet
760,Eltekeh,of grace or mercy
761,Elteketh,the case of God
762,Eltolad,the generation of God
763,Elul,cry or outcry
764,Eluzai,God is my strength
765,Elymas,"a magician, a corrupter"
766,Elzabad,the dowry of God
767,Elzaphan,God of the northeast wind
768,Emims,fears; terrors; formidable; people
769,Emmanuel,God with us
770,Emmaus,people despised or obscure
771,Emmor,an ass
772,Enam,"fountain, open place"
773,Enan,cloud
774,En-dor,"fountain, eye of generation, or of habitation"
775,Eneas,laudable
776,En-eglaim,"eye, or fountain, of calves"
777,En-gannim,"eye, or fountain, of protection or of gardens"
778,En-gedi,"eye, or fountain, of the goat, or of happiness"
779,En-haddah,quick sight; well of gladness
780,En-hakkore,fountain of him that called or prayed
781,En-hazor,the grass of the well
782,En-mishpat,fountain of judgment
783,Enoch,dedicated; disciplined
784,Enon,cloud; mass of darkness; fountain; eye
785,Enos,mortal man; sick; despaired of; forgetful
786,En-rimmon,well of weight
787,En-rogel,the fuller's fountain; the well of searching
788,En-shemesh,"fountain, or eye, of the sun"
789,En-tappuah,"fountain of an apple, or of inflation"
790,Epaphras,covered with foam
791,Epaphroditus,agreeable; handsome
792,Epenetus,laudable; worthy of praise
793,Ephah,weary; tired
794,Epher,dust; lead
795,Ephes-dammim,effusion of blood
796,Ephesus,desirable
797,Eph-lal,judging; praying
798,Ephphatha,be opened
799,Ephraim,fruitful; increasing
800,Ephratah,"Ephrath, abundance; bearing fruit"
801,Ephron,dust
802,Epicurean,"follower of Epicurus, i.e., of one who gives assistance"
803,Er,watchman
804,Eran,follower
805,Erastus,"lovely, amiable"
806,Erech,length; health; physic
807,Eri,my city
808,Esaias,same as Isaiah
809,Esar-haddon,that closes the point; joy; cheerfulness
810,Esau,he that acts or finishes
811,Esek,contention
812,Esh-baal,"the fire of the idol, or of the ruler"
813,Esh-ban,fire of the sun
814,Eshcol,bunch of grapes
815,Eshean,held up
816,Eshek,"violence, force"
817,Eshkalon,same as Askelon
818,Eshtaol,a strong woman
819,Eshtemoa,the bosom of a woman
820,Esli,near me; he who separates
821,Esmachiah,joined to the Lord
822,Esrom,dart of joy; division of a song
823,Esther,secret; hidden
824,Etam,"their bird, their covering"
825,Etham,their strength; their sign
826,Ethan,strong; the gift of the island
827,Ethanim,strong; valiant
828,Ethbaal,"toward the idol, or with Baal"
829,Ether,talk
830,Ethiopia,blackness; heat
831,Ethnan,gift
832,Ethni,strong
833,Eubulus,prudent; good counselor
834,Eunice,good victory
835,Euodias,sweet scent
836,Euphrates,that makes fruitful
837,Eutychus,happy; fortunate
838,Eve,living; enlivening
839,Evi,unjust
840,Evil-merodach,the fool of Merodach; the fool grinds bitterly
841,Exodus,"going out, departure"
842,Ezbon,hastening to understand
843,Ezekiel,the strength of God
844,Ezel,going abroad; walk
845,Ezem,a bone
846,Ezer,a help
847,Ezion-geber,the wood of the man
848,Ezra,help; court
849,Ezri,my help
850,Felix,"happy, prosperous"
851,Festus,"festive, joyful"
852,Fortunatus,"lucky, fortunate"
853,Gaal,contempt; abomination
854,Gaash,tempest; commotion
855,Gabbai,the back
856,Gabbatha,high; elevated
857,Gabriel,God is my strength
858,Gad,a band; a troop
859,Gadarenes,"men of Gadara, i.e., a place surrounded or walled"
860,Gaddi,my troop; a kid
861,Gaddiel,goat of God; the Lord my happiness
862,Gaius,lord; an earthly man
863,Galal,"a roll, a wheel"
864,Galatia,white; the color of milk
865,Galeed,the heap of witness
866,Galilee,wheel; revolution
867,Gallim,who heap up; who cover
868,Gallio,"who sucks, or lives on milk"
869,Gamaliel,recompense of God; camel of God
870,Gammadims,dwarfs
871,Gamul,a recompense
872,Gareb,a scab
873,Garmites,"men of Garmi, ie., bones, or, my cause"
874,Gatam,their lowing; their touch
875,Gath,a wine-press
876,Gath-rimmon,the high wine-press
877,Gaza,strong; a goat
878,Gazabar,a treasurer
879,Gazer,a dividing; a sentence
880,Gazez,a passing over
881,Gazzam,the fleece of them
882,Geba,a hill; cup
883,Gebal,bound; limit
884,Geber,"manly, strong"
885,Gebim,grasshoppers; height
886,Gedaliah,God is my greatness
887,Geder,"Gederah, Gederoth, a wall"
888,Gederothaim,hedges
889,Gehazi,valley of sight
890,Geliloth,"rolling, wheel, heap"
891,Gemalli,wares; a camel
892,Gemariah,accomplishment or perfection of the Lord
893,Gennesaret,garden of the prince
894,Genesis,beginning
895,Genubath,theft; robbery
896,Gera,"pilgrimage, combat; dispute"
897,Gerar,same as Gera
898,Gergesenes,those who come from pilgrimage or fight
899,Gerizim,"cutters, hatchets"
900,Gershom,a stranger here
901,Gershon,his banishment; the change of pilgrimage
902,Geshur,"Geshuri, sight of the valley; a walled valley"
903,Gether,the vale of trial or searching
904,Gethsemane,a very fat or plentiful vale
905,Geuel,God's redemption
906,Gezer,"dividing, sentence"
907,Giah,to guide; draw out; produce; a groan or sigh
908,Gibbar,"strong, manly"
909,Gibbethon,a back; a high house
910,Gibeah,a hill
911,Gibeon,hill; cup; thing lifted up
912,Giddel,great
913,Gideon,he that bruises or breaks; a destroyer
914,Gideoni,same as Gideon
915,Gihon,valley of grace
916,Gilalai,a wheel
917,Gilboa,revolution of inquiry
918,Gilead,the heap or mass of testimony
919,Gilgal,wheel; rolling; heap
920,Giloh,he that rejoices; he that overturns
921,Gimzo,that bulrush
922,Ginath,"Ginnetho, a garden"
923,Girgashite,who arrives from pilgrimage
924,Gispa,coming hither
925,Gittah-hepher,digging; a wine-press
926,Gittaim,a wine-press
927,Gittites,"men of Gath, ie., of a wine-press"
928,Goath,his touching; his roaring
929,Gob,cistern; grasshopper
930,Gog,roof; covering
931,Golan,passage; revolution
932,Golgotha,a heap of skulls; something skull-shaped
933,Goliath,passage; revolution; heap
934,Gomer,to finish; complete
935,Gomorrah,rebellious people
936,Goshen,approaching; drawing near
937,Gozan,fleece; pasture; who nourisheth the body
938,Gudgodah,happiness
939,Guni,a garden; a covering
940,Gur,the young of a beast; a whelp
941,Gur-baal,the governor's whelp
942,Haahashtari,a runner
943,Habaiah,the hiding of the Lord
944,Habakkuk,he that embraces; a wrestler
945,Habazinaiah,a hiding of the shield of the Lord
946,Habor,a partaker; a companion
947,Hachaliah,who waits for the Lord
948,Hachilah,my hope is in her
949,Hachmoni,a wise man
950,Hadad,joy; noise; clamor
951,Hadadezer,beauty of assistance
952,Hadadrimmon,invocation to the god Rimmon
953,Hadar,power; greatness
954,Hadarezer,same as Hadadezer
955,Hadashah,news; a month
956,Hadassah,a myrtle; joy
957,Hadid,rejoicing; sharp
958,Hadlai,loitering; hindering
959,Hadoram,their beauty; their power
960,Hadrach,point; joy of tenderness
961,Hagab,"Hagabah, a grasshopper"
962,Hagar,a stranger; one that fears
963,Haggai,feast; solemnity
964,Haggeri,"Haggi, a stranger"
965,Haggiah,the Lord's feast
966,Haggith,rejoicing
967,Hakkatan,little
968,Hakkoz,a thorn; summer; an end
969,Hakupha,a commandment of the mouth
970,Halah,a moist table
971,Halak,part
972,Halhul,grief; looking for grief
973,Hali,sickness; a beginning; a precious stone
974,Hallelujah,praise the Lord
975,Halloesh,saying nothing; an enchanter
976,Ham,hot; heat; brown
977,Haman,noise; tumult
978,Hamath,anger; heat; a wall
979,Hamath-zobah,"the heat, or the wall, of an army"
980,Hammedatha,he that troubles the law
981,Hammelech,a king; a counselor
982,Hammon,heat; the sun
983,Hamonah,his multitude; his uproar
984,Hamon-gog,the multitude of Gog
985,Hamor,an ass; clay; dirt
986,Hamoth,indignation
987,Hamul,godly; merciful
988,Hamutal,the shadow of his heat
989,Hanameel,the grace that comes from God; gift of God
990,Hanan,full of grace
991,Hananeel,"grace, or gift, of God"
992,Hanani,my grace; my mercy
993,Hananiah,grace; mercy; gift of the Lord
994,Hanes,banishment of grace
995,Haniel,the gift of God
996,Hannah,gracious; merciful; he that gives
997,Hannathon,the gift of grace
998,Hanniel,grace or mercy of God
999,Hanoch,dedicated
1000,Hanun,gracious; merciful
1001,Hapharaim,searching; digging
1002,Hara,a hill; showing forth
1003,Haradah,well of great fear
1004,Haran,mountainous country
1005,Harran,see Charran
1006,Harbonah,his destruction; his sword
1007,Hareph,winter; reproach
1008,Harhas,anger; heat of confidence
1009,Harhaiah,"heat, or anger, of the Lord"
1010,Harhur,made warm
1011,Harim,destroyed; dedicated to God
1012,Harnepher,the anger of a bull; increasing heat
1013,Harod,astonishment; fear
1014,Harosheth,a forest; agriculture; workmanship; deafness; silence
1015,Harsha,workmanship; a wood
1016,Harum,high; throwing down
1017,Harumaph,destruction
1018,Haruphite,slender; sharp
1019,Haruz,careful
1020,Hasadiah,the mercy of the Lord
1021,Hashabiah,the estimation of the Lord
1022,Hashabnah,"Hashabniah, the silence of the Lord"
1023,Hashem,named; a putting to
1024,Hashub,esteemed; numbered
1025,Hashubah,estimation; thought
1026,Hashum,silence; their hasting
1027,Hashupha,spent; made base
1028,Hasrah,wanting
1029,Hatach,he that strikes
1030,Hathath,fear
1031,Hatita,a bending of sin
1032,Hattil,howling for sin
1033,Hattipha,robbery
1034,Hattush,forsaking sin
1035,Hauran,a hole; liberty; whiteness
1036,Havilah,that suffers pain; that brings forth
1037,Havoth-jair,the villages that enlighten
1038,Hazael,that sees God
1039,Hazaiah,seeing the Lord
1040,Hazar-addar,an imprisoned generation
1041,Hazarenan,imprisoned cloud
1042,Hazargaddah,imprisoned band
1043,Hazar-hatticon,middle village; preparation
1044,Hazarmaveth,dwelling of death
1045,Hazar-shual,a wolf's house
1046,Hazar-susah,"or susim, the hay-paunch of a horse"
1047,Hazelelponi,sorrow of countenance
1048,Hazeroth,villages; palaces
1049,Hazezon-tamar,drawing near to bitterness
1050,Hazo,seeing; prophesying
1051,Hazor,court; hay
1052,Heber,one that passes; anger
1053,Hebrews,descendants of Heber
1054,Hebron,society; friendship
1055,Hegai,"or Hege, meditation; word; groaning; separation"
1056,Helam,their army; their trouble
1057,Helbah,"Helbon, milk, fatness"
1058,Heldai,"Heleb, Heled, the world; rustiness"
1059,Helek,part; portion
1060,Helem,dreaming; healing
1061,Heleph,changing; passing over
1062,Helez,armed; set free
1063,Heli,ascending; climbing up
1064,Helkai,same as Helek
1065,Helkath-hazzurim,"the field of strong men, or of rocks"
1066,Helon,window; grief
1067,Heman,their trouble; tumult; much; in great number
1068,Hen,grace; quiet; rest
1069,Hena,troubling
1070,Henadad,grace of the beloved
1071,Henoch,same as Enoch
1072,Hepher,a digger
1073,Hephzibah,my delight is in her
1074,Heres,the son; an earthen pot
1075,Heresh,a carpenter
1076,Hermas,"Hermes, Mercury; gain; refuge"
1077,Hermogenes,begotten of Mercury
1078,Hermon,anathema; devoted to destruction
1079,Herod,son of a hero
1080,Herodion,the song of Juno
1081,Heshbon,invention; industry
1082,Heshmon,a hasty messenger
1083,Heth,trembling; fear
1084,Hethlon,a fearful dwelling
1085,Hezekiah,strength of the Lord
1086,Hezer,"Hezir, a bog; converted"
1087,Hezrai,an entry or vestibule
1088,Hezron,the dart of joy; the division of the song
1089,Hiddai,a praise; a cry
1090,Hiddekel,sharp voice; sound
1091,Hiel,God lives; the life of God
1092,Hierapolis,holy city
1093,Higgaion,meditation; consideration
1094,Hilen,a window; grief
1095,Hilkiah,God is my portion
1096,Hillel,he that praises
1097,Hinnom,there they are; their riches
1098,Hirah,liberty; anger
1099,Hiram,exaltation of life; a destroyer
1100,Hittite,one who is broken; who fears
1101,Hivites,wicked; wickedness
1102,Hizkijah,the strength of the Lord
1103,Hobab,favored; beloved
1104,Hobah,love; friendship; secrecy
1105,Hod,praise; confession
1106,Hodaiah,the praise of the Lord
1107,Hodaviah,"Hodiah, Hodijah, same as Hodaiah"
1108,Hodesh,a table; news
1109,Hoglah,his festival or dance
1110,Hoham,woe to them
1111,Holon,a window; grief
1112,Homam,making an uproar
1113,Hophin,he that covers; my fist
1114,Hor,"who conceives, or shows; a hill"
1115,Horam,their hill
1116,Horeb,desert; solitude; destruction
1117,Horem,an offering dedicated to God
1118,Hor-hagidgad,the hill of felicity
1119,Hori,a prince; freeborn
1120,Horims,princes; being angry
1121,Hormah,devoted or consecrated to God; utter destruction
1122,Horonaim,angers; ragings
1123,Horonites,"men of anger, or of fury, or of liberty"
1124,Hosah,trusting
1125,Hosanna,save I pray thee; keep; preserve
1126,Hosea,"Hoshea, savior; safety"
1127,Hoshaiah,the salvation of the Lord
1128,Hoshama,heard; he obeys
1129,Hotham,a seal
1130,Hothir,excelling; remaining
1131,Hukkok,engraver; scribe; lawyer
1132,Hul,pain; infirmity
1133,Huldah,the world
1134,Hupham,their chamber; their bank
1135,Huppim,a chamber covered; the sea-shore
1136,Hur,liberty; whiteness; hole
1137,Huram,their liberty; their whiteness; their hole
1138,Huri,being angry; or same as Huram
1139,Hushah,hasting; holding peace
1140,Hushai,their haste; their sensuality; their silence
1141,Hushathite,"Hushim, man of haste, or of silence"
1142,Huz,counsel; woods; fastened
1143,Huzoth,streets; populous
1144,Huzzab,molten
1145,Hymeneus,nuptial; the god of marriage
1146,Ibhar,election; he that is chosen
1147,Ibleam,ancient people; people decreasing
1148,Ibneiah,"Ibniah, the building of the Lord; the understanding of the Lord; son by adoption"
1149,Ibri,passing over; being angry; being with young
1150,Ibzan,father of a target; father of coldness
1151,Ichabod,"where is the glory? or, no glory"
1152,Iconium,coming
1153,Idalah,"the hand of slander, or of cursing"
1154,Idbash,flowing with honey; the land of destruction
1155,Iddo,his band; power; praise
1156,Idumea,red; earthy; bloody
1157,Igal,redeemed; defiled
1158,Igeal,a redeemer; redeemed; defiled
1159,Igdaliah,the greatness of the Lord
1160,Iim,"heaps of Hebrews, or of angry men"
1161,Ije-abarim,"heaps of Hebrews, or of passers over"
1162,Ijon,look; eye; fountain
1163,Ikkesh,forward; wicked
1164,Illyricum,joy; rejoicing
1165,Imlah,plentitude; circumcision
1166,Immanuel,God with us
1167,Immer,saying; speaking; a lamb
1168,Imnah,same as Jimnah
1169,Imrah,a rebel; waxing bitter; changing
1170,Imri,speaking; exalting; bitter; a lamb
1171,India,praise; law
1172,Iphedeiah,redemption of the Lord
1173,Ir,watchman; city; vision
1174,Ira,watchman; making bare; pouring out
1175,Irad,wild ass; heap of empire; dragon
1176,Iram,the effusion of them; a high heap
1177,Iri,fire; light
1178,Irijah,the fear of the Lord
1179,Irpeel,"the health, medicine, or exulting of God"
1180,Irshemesh,a city of bondage
1181,Isaac,laughter
1182,Isaiah,the salvation of the Lord
1183,Iscah,he that anoints
1184,Iscariot,a man of murder; a hireling
1185,Ishbak,who is empty or exhausted
1186,Ishbi-benob,respiration; conversion; taking captive
1187,Ishbosheth,a man of shame
1188,Ishi,salvation
1189,Ishiah,it is the Lord
1190,Ishma,named; marveling; desolation
1191,Ishmael,God that hears
1192,Ishmaiah,hearing or obeying the Lord
1193,Ishmerai,"keeper, or keeping"
1194,Ishod,a comely man
1195,Ish-pan,hid; broken in two
1196,Ish-tob,good man
1197,Ishua,plainness; equal
1198,Ishmachiah,cleaving to the Lord
1199,Ispah,a jasper stone
1200,Israel,who prevails with God
1201,Issachar,reward; recompense
1202,Isui,same as Ishuah
1203,Ithai,strong; my sign; a plowshare
1204,Italy,abounding with calves or heifers
1205,Ithamar,island of the palm-tree
1206,Ithiel,"sign, or coming of God"
1207,Ithmah,an orphan
1208,Ithran,remaining; searching out diligently
1209,Ithream,excellence of the people
1210,Ittah-kazin,"hour, or time, of a prince"
1211,Iturea,guarded; mountainous
1212,Ivah,iniquity
1213,Izehar,"Izhar, clearness; oil"
1214,Izrahiah,the Lord ariseth; the clearness of the Lord
1215,Izri,fasting; tribulation
1216,Jaakan,tribulation; labor
1217,Jaakobah,supplanter; deceiver; the heel
1218,Jaala,ascending; a little doe or goat
1219,Jaalam,hidden; young man; heir
1220,Jaanai,answering; afflicting; making poor
1221,Jaasau,doing; my doing
1222,Jaasiel,God's work
1223,Jaazaniah,whom the Lord will hear
1224,Jaazah,"Jaazar, helper"
1225,Jaaziah,"Jaaziel, the strength of the Lord"
1226,Jabal,which glides away
1227,Jabbok,evacuation; dissipation; wrestling
1228,Jabesh,dryness; confusion; shame
1229,Jabez,sorrow; trouble
1230,Jabin,"Jabneh, he that understands; building"
1231,Jabneel,building of God
1232,Jachan,wearing out; oppressing
1233,Jachin,he that strengthens and makes steadfast
1234,Jacob,"that supplants, undermines; the heel"
1235,Jada,knowing
1236,Jadau,his hand; his confession
1237,Jaddua,known
1238,Jael,he that ascends; a kid
1239,Jagur,husbandman; stranger
1240,Jah,the everlasting
1241,Jahaleel,praising God; light of God
1242,Jahath,broken in pieces; descending
1243,Jahaz,"Jahazah, quarrel; dispute"
1244,Jahaziah,the vision of the Lord
1245,Jahaziel,seeing God
1246,Jahdiel,"the unity, or sharpness, or revenge, of God"
1247,Jahdo,I alone; his joy; his sharpness of wit; his newness
1248,Jahleel,"waiting for, or beseeching, or hope in, God"
1249,Jahmai,warm; making warm
1250,Jahzeel,"God hasteth, or divideth"
1251,Jair,"Jairus, my light; who diffuses light"
1252,Jakan,same as Achan
1253,Jakim,rising; confirming; establishing
1254,Jalon,tarrying; murmuring
1255,Jambres,poverty; bitter; a rebel
1256,James,same as Jacob
1257,Jamin,right hand; south wind
1258,Jamlech,reigning; asking counsel
1259,Janna,"Jannes, who speaks or answers; afflicted; poor"
1260,Janoah,"Janohah, resting; tarrying; deriving"
1261,Janum,sleeping
1262,Japhet,enlarged; fair; persuading
1263,Japhia,enlightening; appearing
1264,Japhlet,"Japhleti, delivered; banished"
1265,Japho,fairness; comeliness
1266,Jarah,a wood; honeycomb; watching closely
1267,Jareb,a revenger
1268,Jared,a ruling; commanding; coming down
1269,Jaresiah,the bed of the Lord; the Lord hath taken away; poverty
1270,Jarib,fighting; chiding; multiplying; avenging
1271,Jarmuth,"fearing, or seeing, or throwing down, death"
1272,Jarvah,"breathing, or making, a sweet smell"
1273,Jashem,"Jashen, ancient; sleeping"
1274,Jasher,righteous; upright
1275,Jashobeam,the people sitting; or captivity of the people
1276,Jashub,a returning; a controversy; a dwelling place
1277,Jasiel,the strength of God
1278,Jason,he that cures
1279,Jathniel,gift of God
1280,Jattir,a remnant; excellent
1281,Javan,deceiver; one who makes sad
1282,Jazeel,strength of God
1283,Jazer,assistance; helper
1284,Jaziz,brightness; departing
1285,Jearim,a leap; woods
1286,Jeaterai,searching out
1287,Jeberechiah,"speaking well of, or kneeling to, the Lord"
1288,Jebus,treading under foot; manger
1289,Jebusi,trodden under foot; mangers
1290,Jecamiah,"resurrection, or confirmation, or revenge, of the Lord"
1291,Jecoliah,"perfection, or power, of the Lord"
1292,Jeconiah,"preparation, or stability, of the Lord"
1293,Jedaiah,the hand of the Lord; confessing the Lord
1294,Jedeiah,one Lord; the joy of the Lord
1295,Jediael,"the science, or knowledge, of God"
1296,Jedidah,well beloved; amiable
1297,Jedidiah,beloved of the Lord
1298,Jediel,"the knowledge, or renewing, of God"
1299,Jeduthun,his law; giving praise
1300,Jeezer,island of help
1301,Jegar-sahadutha,heap of witness
1302,Jehaleleel,"Jehalelel, praising God; clearness of God"
1303,Jehaziel,same as Jahaziel
1304,Jehdeiah,"joy together, one Lord"
1305,Jeheiel,God liveth
1306,Jehezekel,strength of God
1307,Jehiah,the Lord liveth
1308,Jehiskiah,"the strength, or taking, of the Lord"
1309,Jehoadah,passing over; testimony of the Lord
1310,Jehoaddan,"pleasure, or time, of the Lord"
1311,Jehoahaz,possession of the Lord
1312,Jehoash,fire of the Lord
1313,Jehohanan,"grace, or mercy, or gift, of the Lord"
1314,Jehoiachin,"preparation, or strength, of the Lord"
1315,Jehoiada,knowledge of the Lord
1316,Jehoiakim,"avenging, or establishing, or resurrection, of the Lord"
1317,Jehoiarib,"fighting, or multiplying, of the Lord"
1318,Jehonadab,"Jonadab, free giver; liberality"
1319,Jehonathan,gift of the Lord; gift of a dove
1320,Jehoram,exaltation of the Lord
1321,Jehoshaphat,the Lord is judge
1322,Jehosheba,"fullness, or oath, of the Lord"
1323,Jehoshua,same as Joshua
1324,Jehovah,self-subsisting
1325,Jehovah-jireh,the Lord will provide
1326,Jehovah-nissi,the Lord my banner
1327,Jehovah-shalom,the Lord send peace
1328,Jehovah-shammah,the Lord is there
1329,Jehovah-tsidkenu,the Lord our righteousness
1330,Jehozabad,the Lord's dowry; having a dowry
1331,Jehozadak,justice of the Lord
1332,Jehu,himself who exists
1333,Jehubbah,"hiding, binding"
1334,Jehucal,mighty; perfect; wasted
1335,Jehud,"Jehudi, praising; conferring"
1336,Jehudijah,the praise of the Lord
1337,Jehush,keeping counsel; fastened
1338,Jekabzeel,the congregation of God
1339,Jekamean,the people shall arise
1340,Jekamiah,"establishing, or revenging, of the Lord"
1341,Jekuthiel,"hope, or congregation, of the Lord"
1342,Jemima,handsome as the day
1343,Jemuel,God's day; son of God
1344,Jephunneh,he that beholds
1345,Jerah,the moon; month; smelling sweet
1346,Jerahmeel,"the mercy, or the beloved, of God"
1347,Jered,ruling; coming down
1348,Jeremai,my height; throwing forth waters
1349,Jeremiah,exaltation of the Lord
1350,Jeremoth,eminences; one that fears death
1351,Jeriah,"fear, or throwing down, of the Lord"
1352,Jerebai,fighting; chiding; multiplying
1353,Jericho,his moon; his month; his sweet smell
1354,Jeriel,"fear, or vision of God"
1355,Jerijah,same as Jeriah
1356,Jerimoth,he that fears or rejects death
1357,Jerioth,kettles; breaking asunder
1358,Jeroboam,he that opposes the people
1359,Jeroham,high; merciful; beloved
1360,Jerubbaal,"he that defends Baal, let Baal defend his cause"
1361,Jerubbesheth,let the idol of confusion defend itself
1362,Jeruel,"fear, or vision of God"
1363,Jerusalem,vision of peace
1364,Jerusha,banished; possession; inheritance
1365,Jesaiah,"health, or salvation, of the Lord"
1366,Jeshebeab,"sitting, or captivity, of the father"
1367,Jesher,right; singing
1368,Jeshimon,solitude; desolation
1369,Jeshishai,ancient; rejoicing exceedingly
1370,Jeshohaia,the Lord pressing; the meditation of God
1371,Jeshua,same as Joshua
1372,Jesiah,sprinkling of the Lord
1373,Jesimiel,"naming, or astonishment, of God"
1374,Jesse,gift; oblation; one who is
1375,Jesui,even-tempered; flat country
1376,Jesus,savior; deliverer
1377,Jether,he that excels
1378,Jetheth,giving
1379,Jethlah,hanging up; heaping up
1380,Jethro,his excellence; his posterity
1381,Jetur,order; succession; mountainous
1382,Jeuel,God hath taken away; God heaping up
1383,Jeush,"Jeuz, he that is devoured"
1384,Jew,same as Judah
1385,Jezaniah,"nourishment, or weapons, of the Lord"
1386,Jezebel,chaste
1387,Jezer,island of help
1388,Jeziah,"Jeziel, sprinkling of the Lord"
1389,Jezoar,clear; white
1390,Jezrahiah,the Lord arises; brightness of the Lord
1391,Jezneel,seed of God
1392,Jibsam,"their drought, their confusion"
1393,Jidlaph,he that distills water
1394,Jimnah,right hand; numbering; preparing
1395,Jiphtah,opening
1396,Jiphthael,God opening
1397,Joab,paternity; voluntary
1398,Joah,fraternity; brother of the Lord
1399,Joahaz,apprehending; possessing; seeing
1400,Joakim,rising or establishing of the Lord
1401,Joanna,grace or gift of the Lord
1402,Joash,who despairs or burns
1403,Joatham,same as Jotham
1404,Job,he that weeps or cries
1405,Jobab,"sorrowful, hated"
1406,Jochebed,glorious; honorable
1407,Joed,witnessing; robbing; passing over
1408,Joel,he that wills or commands
1409,Joelah,lifting up; profiting; taking away slander
1410,Joezer,he that aids
1411,Jogbehah,an exalting; high
1412,Jogli,passing over; turning back; rejoicing
1413,Joha,who enlivens or gives life
1414,Johanan,who is liberal or merciful
1415,John,the grace or mercy of the Lord
1416,Joiarib,"chiding, or multiplying, of the Lord"
1417,Jokdeam,"crookedness, or burning, of the people"
1418,Jokim,that made the sun stand still
1419,Jokmeam,"confirmation, or revenge, of the people"
1420,Jokneam,"possessing, or building up, of the people"
1421,Jokshan,an offense; hardness; a knocking
1422,Joktan,small dispute; contention; disgust
1423,Jonadab,who gives liberally
1424,Jonah,"or Jonas, a dove; he that oppresses; destroyer"
1425,Jonan,a dove; multiplying of the people
1426,Jonathan,given of God
1427,Joppa,beauty; comeliness
1428,Jorah,"Jorai, showing; casting forth; a cauldron"
1429,Joram,to cast; elevated
1430,Jordan,the river of judgment
1431,Jorim,he that exalts the Lord
1432,Josabad,having a dowry
1433,Josaphat,same as Jehoshaphat
1434,Jose,raised; who pardons
1435,Joseph,increase; addition
1436,Joses,same as Jose
1437,Joshah,being; forgetting; owing
1438,Joshaviah,"the seat, alteration, or captivity of the Lord"
1439,Joshbekesha,it is requiring or beseeching
1440,Joshua,a savior; a deliverer
1441,Josiah,the Lord burns; the fire of the Lord
1442,Josibiah,"the seat, or captivity of the Lord"
1443,Josiphiah,increase of the Lord; the Lord's finishing
1444,Jotham,the perfection of the Lord
1445,Jothath,"Jothatha, his goodness"
1446,Jozabad,same as Josabad
1447,Jozachar,remembering; of the male sex
1448,Jubal,he that runs; a trumpet
1449,Jucal,mighty; perfect
1450,Judah,the praise of the Lord; confession
1451,Judas,"Jude, same as Judah"
1452,Judaea,"Judea, same as Judah"
1453,Judith,same as Judah
1454,Julia,downy; soft and tender hair
1455,Julius,same as Julia
1456,Junia,youth
1457,Jupiter,the father that helpeth
1458,Jushabhesed,dwelling-place; change of mercy
1459,Justus,just or upright
1460,Juttah,turning away
1461,Kabzeel,the congregation of God
1462,Kadesh,holiness
1463,Kadesh-barnea,holiness of an inconstant son
1464,Kadmiel,God of antiquity; God of rising
1465,Kadmonites,ancients; chiefs
1466,Kallai,light; resting by fire; my voice
1467,Kanah,of reeds
1468,Kareah,bald; ice
1469,Karkaa,floor; dissolving coldness
1470,Karkor,they rested
1471,Karnaim,horns
1472,Kartah,calling; meeting
1473,Kedar,blackness; sorrow
1474,Kedemah,oriental; ancient; first
1475,Kedemoth,antiquity; old age
1476,Kehelahath,a whole; a congregation
1477,Keiiah,she that divides or cuts
1478,Kelaiah,voice of the Lord; gathering together
1479,Kelitah,same as Kelaiah
1480,Kemuel,"God hath raised up, or established him"
1481,Kenah,buying; possession
1482,Kenan,buyer; owner
1483,Kenaz,this purchase; this lamentation
1484,Kenites,possession; purchase; lamentation
1485,Kenizzites,possession; purchase
1486,Keren-happuch,the horn or child of beauty
1487,Kerioth,the cities; the callings
1488,Keros,crooked; crookedness
1489,Keturah,that makes the incense to fume
1490,Kezia,superficies; the angle; cassia
1491,Keziz,end; extremity
1492,Kibroth-hattaavah,the graves of lust
1493,Kibzaim,congregation
1494,Kidron,obscure; making black or sad
1495,Kinah,same as Kenah
1496,Kir,a city; wall; meeting
1497,Kirharaseth,"Kirharesh, city of the sun; wall of burnt brick"
1498,Kirioth,same as Kerioth
1499,Kirjath,city; vocation; meeting
1500,Kirjathaim,the two cities; callings; or meetings
1501,Kirjath-arba,city of four; fourth city
1502,Kirjath-arim,city of those who watch
1503,Kirjath-baal,"city of Baal, or of a ruler"
1504,Kirjath-huzoth,city of streets; populous city
1505,Kirjath-jearim,city of woods
1506,Kirjath-sannah,"city of enmity, or of a blackberry bush"
1507,Kirjath-sepher,"city of letters, or of the book"
1508,Kish,hard; difficult; straw; for age
1509,Kishi,hardness; his gravity; his offense
1510,Kishion,hardness; soreness
1511,Kishon,hard; sore
1512,Kithlish,it is a wall; the company of a lioness
1513,Kitron,making sweet; binding together
1514,Kittim,breaking; bruising small; gold; coloring
1515,Koa,hope; a congregation; a line; a rule
1516,Kohath,congregation; wrinkle; bluntness
1517,Kolariah,voice of the Lord
1518,Korah,baldness; ice; frost
1519,Kushaiah,same as Kishi
1520,Laadah,to assemble together; to testify; passing over
1521,Laadan,for pleasure; devouring; judgment
1522,Laban,white; shining; gentle; brittle
1523,Labana,the moon; whiteness; frankincense
1524,Lachish,"who walks, or exists, of himself"
1525,Lael,to God; to the mighty
1526,Lahad,praising; to confess
1527,Lahairoi,who liveth and seeth me
1528,Lahmam,their bread; their war
1529,Lahmi,my bread; my war
1530,Laish,a lion
1531,Lamech,poor; made low
1532,Laodicea,just people
1533,Lapidoth,enlightened; lamps
1534,Lasea,thick; wise
1535,Lashah,to call; to anoint
1536,Lazarus,assistance of God
1537,Leah,weary; tired
1538,Lebanon,"white, incense"
1539,Lebaoth,lividness
1540,Lebbeus,a man of heart; praising; confessing
1541,Lebonah,same as Labana
1542,Lehabim,flames; inflamed; swords
1543,Lehi,jawbone
1544,Lekah,walking; going
1545,Lemuel,"God with them, or him"
1546,Leshem,a name; putting; a precious stone
1547,Letushim,hammermen; filemen
1548,Leummim,countries; without water
1549,Levi,associated with him
1550,Libnah,white; whiteness
1551,Libni,same as Libnah
1552,Libya,the heart of the sea; fat
1553,Linus,net
1554,Lo-ammi,not my people
1555,Lod,nativity; generation
1556,Lois,better
1557,Lo-ruhamah,not having obtained mercy; not pitied
1558,Lot,"Lotan, wrapt up; hidden; covered; myrrh; rosin"
1559,Lubin,heart of a man; heart of the sea
1560,Lucas,"Lucius, luminous; white"
1561,Lucifer,bringing light
1562,Lud,"Ludim, same as Lod"
1563,Luhith,made of boards
1564,Luke,luminous; white
1565,Luz,separation; departure; an almond
1566,Lycaonia,she-wolf
1567,Lydda,"Lydia, a standing pool"
1568,Lysanias,that drives away sorrow
1569,Lysias,dissolving
1570,Lysimachus,scattering the battle
1571,Lystra,that dissolves or disperses
1572,Maachah,pressed down; worn; fastened
1573,Maachathi,broken
1574,Maadai,pleasant; testifying
1575,Maadiah,pleasantness; the testimony of the Lord
1576,Maai,belly; heaping up
1577,Maale-akrabbim,ascent of scorpions
1578,Maarath,den; making empty; watching
1579,Maaseiah,the work of the Lord
1580,Maasiai,"the defense, or strength, or trust of the Lord"
1581,Maath,wiping away; breaking; fearing; smiting
1582,Maaz,wood; wooden
1583,Macedonia,burning; adoration
1584,Machbenah,"Machbanai, poverty; the smiting of his son"
1585,Machi,poor; a smiter
1586,Machir,selling; knowing
1587,Machnadebai,smiter
1588,Machpelah,double
1589,Madai,a measure; judging; a garment
1590,Madian,judgment; striving; covering; chiding
1591,Madmannah,measure of a gift; preparation of a garment
1592,Madon,a chiding; a garment; his measure
1593,Magbish,excelling; height
1594,Magdala,tower; greatness
1595,Magdalene,a person from Magdala
1596,Magdiel,declaring God; chosen fruit of God
1597,Magog,covering; roof; dissolving
1598,Magor-missabib,fear on every side
1599,Magpiash,a body thrust hard together
1600,Mahalah,"Mahalath, sickness; a company of dancers; a harp"
1601,Mahaleleel,praising God
1602,Mahali,infirmity; a harp; pardon
1603,Mahanaim,tents; two fields; two armies
1604,Mahanehdan,tents of judgment
1605,Mahanem,a comforter
1606,Maharai,hasting; a hill; from a hill
1607,Mahath,same as Maath
1608,Mahavites,declaring a message; marrow
1609,Mahaz,an end; ending; growing hope
1610,Mahazioth,seeing a sign; seeing a letter
1611,Maher-shalal-hash-baz,making speed to the spoil; he hastens to the prey
1612,Mahlah,"Mahli, Mahlon, same as Mahali"
1613,Makas,same as Mahaz
1614,Makheloth,assemblies; congregations
1615,Makkedah,worshiping; burning; raised; crookedness
1616,Malachi,my messenger; my angel
1617,Malcham,"Malchom, their king; their counselor"
1618,Malchiah,"Malchijah, the Lord my king, or my counselor"
1619,Malchiel,"God is my king, or counselor"
1620,Malchus,"my king, kingdom, or counselor"
1621,Maleleel,same as Mahaleleel
1622,Mallothi,fullness; circumcision
1623,Malluch,reigning; counseling
1624,Mammon,riches
1625,Mamre,rebellious; bitter; set with trees
1626,Manaen,a comforter; a leader
1627,Manahethites,my lady; my prince of rest
1628,Manasseh,forgetfulness; he that is forgotten
1629,Manoah,rest; a present
1630,Maon,house; place of sin
1631,Mara,"Marah, bitter; bitterness"
1632,Maralah,sleep; a sacrifice of myrrh; ascension
1633,Maranatha,the Lord is coming
1634,Marcus,polite; shining
1635,Mareshah,from the beginning; an inheritance
1636,Mark,same as Marcus
1637,Maroth,bitterness
1638,Marsena,bitterness of a bramble
1639,Martha,who becomes bitter; provoking
1640,Mary,same as Miriam
1641,Mash,same as Meshech
1642,Mashal,a parable; governing
1643,Masrekah,whistling; hissing
1644,Massa,a burden; prophecy
1645,Massah,temptation
1646,Matred,wand of government
1647,Matri,rain; prison
1648,Mattan,"Mattana, Mattenai, gifts; rains"
1649,Mattaniah,"gift, or hope, of the Lord"
1650,Mattatha,his gift
1651,Mattathias,the gift of the Lord
1652,Matthan,same as Mattan
1653,Matthanias,same as Mattaniah
1654,Matthal,gift; he that gives
1655,Matthew,given; a reward
1656,Matthias,"Mattithiah, same as Mattathias"
1657,Mazzaroth,the twelve signs of the zodiac
1658,Meah,a hundred cubits
1659,Mearah,den; cave; making empty
1660,Mebunnai,son; building; understanding
1661,Mecherath,selling; knowledge
1662,Medad,he that measures; water of love
1663,Medan,judgment; process
1664,Medeba,waters of grief; waters springing up
1665,Media,measure; habit; covering
1666,Megiddo,his precious fruit; declaring a message
1667,Megiddon,same as Megiddo
1668,Mehetabel,how good is God
1669,Mehida,a riddle; sharpness of wit
1670,Mehir,a reward
1671,Mehujael,who proclaims God
1672,Mehuman,making an uproar; a multitude
1673,Mejarkon,the waters of Jordan
1674,Mekonah,a foot of a pillar; provision
1675,Melatiah,deliverance of the Lord
1676,Melchi,my king; my counsel
1677,Melchiah,God is my king
1678,Melchi-shua,king of health; magnificent king
1679,Melchizedek,king of justice
1680,Melea,supplying; supplied
1681,Melech,king; counselor
1682,Melita,affording honey
1683,Mellicu,his kingdom; his counselor
1684,Melzar,"circumcision of a narrow place, or of a bond"
1685,Memphis,abode of the good
1686,Memucan,impoverished; to prepare; certain; true
1687,Menahem,comforter; who conducts them; preparation of heat
1688,Menan,numbered; rewarded; prepared
1689,Mene,who reckons or is counted
1690,Meonenim,"charmers, regarders of times"
1691,Mephaath,"appearance, or force, of waters"
1692,Mephibosheth,out of my mouth proceeds reproach
1693,Merab,he that fights or disputes
1694,Meraioth,bitterness; rebellious; changing
1695,Merari,bitter; to provoke
1696,Mercurius,an orator; an interpreter
1697,Mered,"rebellious, ruling"
1698,Meremoth,bitterness; myrrh of death
1699,Meres,defluxion; imposthume
1700,Meribah,dispute; quarrel
1701,Meribbaal,he that resists Baal; rebellion
1702,Merodach,bitter contrition
1703,Merodach-baladan,"bitter contrition, without judgment"
1704,Merom,eminences; elevations
1705,Meronothite,my singing; rejoicing; bearing rule
1706,Meroz,"secret, leanness"
1707,Mesha,burden; salvation
1708,Meshach,that draws with force
1709,Meshech,who is drawn by force
1710,Meshelemiah,"peace, or perfection, of the Lord"
1711,Meshezaheel,God taking away; the salvation of God
1712,Meshillamith,peaceable; perfect; giving again
1713,Meshullam,peaceable; perfect; their parables
1714,Mesobaite,the Lord's standing-place; a little doe
1715,Mesopotamia,between two rivers
1716,Messiah,anointed
1717,Metheg-ammah,bridle of bondage
1718,Methusael,who demands his death
1719,Methusaleh,he has sent his death
1720,Meunim,dwelling-places; afflicted
1721,Mezahab,gilded
1722,Miamin,the right hand
1723,Mibhar,chosen; youth
1724,Mibsam,smelling sweet
1725,Mibzar,defending; forbidding; taking away
1726,Micah,poor; humble
1727,Micaiah,who is like to God?
1728,Micha,same as Micaiah
1729,Michaiah,"Michael, same as Micah"
1730,Michal,who is perfect?
1731,Michmach,he that strikes
1732,Michmethah,the gift or death of a striker
1733,Michri,selling
1734,Michtam,golden psalm
1735,Middin,judgment; striving
1736,Midian,judgment; covering; habit
1737,Migdalel,tower of God
1738,Migdalgad,tower compassed about
1739,Migdol,a tower
1740,Migron,fear; farm; throat
1741,Mijamin,right hand
1742,Mikloth,little wants; little voices; looking downward
1743,Minneiah,possession of the Lord
1744,Milalai,circumcision; my talk
1745,Milcah,queen
1746,Milcom,their king
1747,Miletum,red; scarlet
1748,Millo,fullness
1749,Miniamin,right hand
1750,Minni,reckoned; prepared
1751,Minnith,same as Minni
1752,Miriam,rebellion
1753,Mishael,who is asked for or lent
1754,Mishal,parables; governing
1755,Misham,their savior; taking away
1756,Misheal,requiring; lent; pit
1757,Mishma,hearing; obeying
1758,Mishmannah,fatness; taking away provision
1759,Mishraites,spread abroad
1760,Mispar,"Mispereth, numbering; showing; increase of tribute"
1761,Misrephoth-maim,hot waters
1762,Mithcah,sweetness; pleasantness
1763,Mithnite,loin; gift; hope
1764,Mithredath,breaking the law
1765,Mitylene,purity; cleansing; press
1766,Mizar,little
1767,Mizpah,"Mizpeh, a watch-tower; speculation"
1768,Mizraim,tribulations
1769,Mizzah,defluxion from the head
1770,Mnason,a diligent seeker; an exhorter
1771,Moab,of his father
1772,Moladah,birth; generation
1773,Molech,"Moloch, king"
1774,Molid,nativity; generation
1775,Mordecai,contrition; bitter; bruising
1776,Moreh,stretching
1777,Moriah,bitterness of the Lord
1778,Moserah,"Moseroth, erudition; discipline"
1779,Moses,taken out; drawn forth
1780,Mozah,unleavened
1781,Muppim,out of the mouth; covering
1782,Mushi,"he that touches, that withdraws or takes away"
1783,Myra,I flow; pour out; weep
1784,Mysia,criminal; abominable
1785,Naam,fair; pleasant
1786,Naamah,"Naaman, beautiful; agreeable"
1787,Naarah,"Naarai, young person"
1788,Naashon,that foretells; that conjectures
1789,Nabal,fool; senseless
1790,Naboth,words; prophecies
1791,Nachon,ready; sure
1792,Nachor,same as Nahor
1793,Nadab,free and voluntary gift; prince
1794,Nagge,clearness; brightness; light
1795,Nahaliel,inheritance; valley of God
1796,Nahallal,praised; bright
1797,Naham,"Nahamani, comforter; leader"
1798,Naharai,my nostrils; hot; anger
1799,Nahash,snake; serpent
1800,Nahath,rest; a leader
1801,Nahbi,very secret
1802,Nahor,hoarse; dry; hot
1803,Nahshon,same as Naashon
1804,Nahum,comforter; penitent
1805,Nain,beauty; pleasantness
1806,Naioth,beauties; habitations
1807,Naomi,beautiful; agreeable
1808,Naphish,"the soul; he that rests, refreshes himself, or respires"
1809,Naphtali,that struggles or fights
1810,Narcissus,astonishment; stupidity
1811,Nason,helper; entry-way
1812,Nathan,given; giving; rewarded
1813,Nathanael,the gift of God
1814,Nathan-melech,"the gift of the king, or of counsel"
1815,Naum,same as Nahum
1816,Nazareth,separated; crowned; sanctified
1817,Nazarite,one chosen or set apart
1818,Neah,moved; moving
1819,Neapolis,the new city
1820,Neariah,child of the Lord
1821,Nebai,budding; speaking; prophesying
1822,Nebaioth,words; prophecies; buds
1823,Neballat,prophecy; budding
1824,Nebat,that beholds
1825,Nebo,that speaks or prophesies
1826,Nebuchadnezzar,"Nebuchadrezzar, tears and groans of judgment"
1827,Nebushasi_hahban,speech; prophecy; springing; flowing
1828,Nebuzar-adan,fruits or prophecies of judgment
1829,Necho,lame; beaten
1830,Nedabiah,prince or vow of the Lord
1831,Neginoth,stringed instruments
1832,Nehelamite,dreamer; vale; brook
1833,Nehemiah,consolation; repentance of the Lord
1834,Nehum,comforter; penitent
1835,Nehushta,made of brass
1836,Nehushtan,a trifling thing of brass
1837,Neiel,"commotion, or moving, of God"
1838,Nekoda,painted; inconstant
1839,Nemuel,the sleeping of God
1840,Nepheg,weak; slacked
1841,Nephish,same as Naphish
1842,Nephishesim,diminished; torn in pieces
1843,Nephthalim,same as Naphtali
1844,Nephthoah,opening; open
1845,Nephusim,same as Nephishesim
1846,Ner,a lamp; new-tilled land
1847,Nereus,same as Ner
1848,Nergal,the great man; the hero
1849,Nergal-sharezer,treasurer of Nergal
1850,Neri,my light
1851,Neriah,light; lamp of the Lord
1852,Nethaneel,same as Nathanael
1853,Nethaniah,the gift of the Lord
1854,Nethinims,given or offered
1855,Neziah,conqueror; strong
1856,Nezib,standing-place
1857,Nibhaz,budding; prophesying
1858,Nibshan,prophecy; growing of a tooth
1859,Nicanor,a conqueror; victorious
1860,Nicodemus,victory of the people
1861,Nicolas,same as Nicodemus
1862,Nicolaitanes,followers of Nicolas
1863,Nicopolis,the city of victory
1864,Niger,black
1865,Nimrah,"Nimrim, leopard; bitterness; rebellion"
1866,Nimrod,rebellion (but probably an unknown Assyrian word)
1867,Nimshi,rescued from danger
1868,Nineveh,handsome; agreeable
1869,Nisan,standard; miracle
1870,Nisroch,flight; proof; temptation; delicate
1871,No,stirring up; forbidding
1872,Noadiah,"witness, or ornament, of the Lord"
1873,Noah,repose; consolation
1874,Noah,that quavers or totters (Zelophehad's daughter)
1875,Nob,discourse; prophecy
1876,Nobah,that barks or yelps
1877,Nod,vagabond; fugitive
1878,Nodab,vowing of his own accord
1879,Noe,same as Noah
1880,Nogah,brightness; clearness
1881,Noha,rest; a guide
1882,Non,posterity; a fish; eternal
1883,Noph,honeycomb; anything that distills or drops
1884,Nophah,fearful; binding
1885,Nun,same as Non
1886,Nymphas,spouse; bridegroom
1887,Obadiah,servant of the Lord
1888,Obal,inconvenience of old age
1889,Obed,a servant; workman
1890,Obed-edom,servant of Edom
1891,Obil,that weeps; who deserves to be bewailed
1892,Oboth,dragons; fathers; desires
1893,Ocran,a disturber; that disorders
1894,Oded,"to sustain, hold or lift up"
1895,Og,a cake; bread baked in ashes
1896,Ohad,praising; confessing
1897,Ohel,tent; tabernacle; brightness
1898,Olympas,heavenly
1899,Omar,he that speaks; bitter
1900,Omega,the last letter of the Greek alphabet; long O
1901,Omri,sheaf of corn
1902,On,pain; force; iniquity
1903,Onam,"Onan, same as On"
1904,Onesimus,profitable; useful
1905,Onesiphorus,who brings profit
1906,Ono,grief or strength or iniquity of him
1907,Ophel,a tower; darkness; small white cloud
1908,Ophir,fruitful region
1909,Ophni,wearisomeness; folding together
1910,Ophrah,dust; lead; a fawn
1911,Oreb,a raven
1912,Ornan,that rejoices
1913,Orpah,the neck or skull
1914,Oshea,same as Joshua
1915,Othni,my time; my hour
1916,Othniel,the hour of God
1917,Ozem,that fasts; their eagerness
1918,Ozias,strength from the Lord
1919,Ozni,an ear; my hearkening
1920,Paarai,opening
1921,Padan-aram,cultivated field or table-land
1922,Padon,his redemption; ox-yoke
1923,Pagiel,"prevention, or prayer, of God"
1924,Pahath-Moab,ruler of Moab
1925,Pai,"Pau, howling; sighing"
1926,Palal,thinking
1927,Palestina,which is covered; watered; or brings and causes ruin
1928,Pallu,marvelous; hidden
1929,Palti,deliverance; flight
1930,Paltiel,"deliverance; or banishment, of God"
1931,Pamphylia,a nation made up of every tribe
1932,Paphos,"which boils, or is very hot"
1933,Parah,a cow; increasing
1934,Paran,beauty; glory; ornament
1935,Parbar,a suburb
1936,Parmashta,a yearling bull
1937,Parmenas,"that abides, or is permanent"
1938,Parnach,"a bull striking, or struck"
1939,Parosh,a flea; the fruit of a moth
1940,Parshandatha,given by prayer
1941,Paruah,flourishing; that flies away
1942,Pasach,thy broken piece
1943,Pasdammin,portion or diminishing of blood
1944,Paseah,passing over; halting
1945,Pashur,that extends or multiplies the hole; whiteness
1946,Patara,trodden under foot
1947,Pathros,"Pathrusim, mouthful of dough; persuasion of ruin"
1948,Patmos,mortal
1949,Patrobas,paternal; that pursues the steps of his father
1950,Pau,same as Pai
1951,Paul,small; little
1952,Paulus,same as Paul
1953,Pedahzur,strong or powerful savior; stone of redemption
1954,Pedaiah,redemption of the Lord
1955,Pekah,he that opens; that is at liberty
1956,Pekahiah,it is the Lord that opens
1957,Pekod,noble; rulers
1958,Pelaiah,the Lord's secret or miracle
1959,Pelaliah,entreating the Lord
1960,Pelatiah,let the Lord deliver; deliverance of the Lord
1961,Peleg,division
1962,Pelethites,judges; destroyers
1963,Pelonite,falling; secret
1964,Peniel,face or vision of God; that sees God
1965,Peninnah,pearl; precious stone; the face
1966,Pentapolis,five cities
1967,Pentateuch,the five books of Moses
1968,Pentecost,fiftieth
1969,Penuel,same as Peniel
1970,Peor,hole; opening
1971,Perazim,divisions
1972,Peresh,horseman
1973,Perez,divided
1974,Perez-Uzza,"division of Uzza, or of strength"
1975,Perga,very earthy
1976,Pergamos,height; elevation
1977,Perida,separation; division
1978,Perizzites,dwelling in villages
1979,Persia,that cuts or divides; a nail; a gryphon; a horseman
1980,Persis,same as Persia
1981,Peruda,same as Perida
1982,Peter,a rock or stone
1983,Pethahiah,the Lord opening; gate of the Lord
1984,Pethuel,mouth of God; persuasion of God
1985,Peulthai,my works
1986,Phalec,same as Peleg
1987,Phallu,"Pallu, admirable; hidden"
1988,Phalti Palti,"deliverance, flight"
1989,Phanuel,face or vision of God
1990,Pharaoh,that disperses; that spoils
1991,Pharez,division; rupture
1992,Pharisees,set apart
1993,Pharpar,that produces fruit
1994,Phebe,shining; pure
1995,Phenice,"Phoenicia, red; purple"
1996,Phichol,"the mouth of all, or every tongue"
1997,Philadelphia,love of a brother
1998,Philemon,who kisses
1999,Philetus,amiable; beloved
2000,Philip,warlike; a lover of horses
2001,Philippi,"same as Philip, in the plural"
2002,Philistines,those who dwell in villages
2003,Philologus,"a lover of letters, or of the word"
2004,Phinehas,bold aspect; face of trust or protection
2005,Phlegon,zealous; burning
2006,Phrygia,dry; barren
2007,Phurah,"that bears fruit, or grows"
2008,Phygellus,fugitive
2009,Phylacteries,things to be especially observed
2010,Pi-beseth,abode of the goddess Bahest or Bast
2011,Pi-hahiroth,the mouth; the pass of Hiroth
2012,Pilate,armed with a dart
2013,Pinon,pearl; gem; that beholds
2014,Piram,a wild ass of them
2015,Pirathon,his dissipation or deprivation; his rupture
2016,Pisgah,hill; eminence; fortress
2017,Pisidia,pitch; pitchy
2018,Pison,changing; extension of the mouth
2019,Pithom,their mouthful; a dilatation of the mouth
2020,Pithon,mouthful; persuasion
2021,Pochereth,cutting of the mouth of warfare
2022,Pontius,marine; belonging to the sea
2023,Pontus,the sea
2024,Poratha,fruitful
2025,Potiphar,bull of Africa; a fat bull
2026,Potipherah,"that scatters abroad, or demolishes, the fat"
2027,Prisca,ancient
2028,Priscilla,same as Prisca
2029,Prochorus,he that presides over the choirs
2030,Puah,mouth; corner; bush of hair
2031,Publius,common
2032,Pudens,shamefaced
2033,Pul,bean; destruction
2034,Punites,beholding; my face
2035,Punon,precious stone; that beholds
2036,Pur,"Purim, lot"
2037,Putiel,God is my fatness
2038,Puteoli,sulphureous wells
2039,Quartus,fourth
2040,Raamah,greatness; thunder; some sort of evil
2041,Raamiah,"thunder, or evil, from the Lord"
2042,Rabbah,great; powerful; contentious
2043,Rabbi,"Rabboni, my master"
2044,Rabmag,who overthrows or destroys a multitude
2045,Rab-saris,chief of the eunuchs
2046,Rab-shakeh,cup-bearer of the prince
2047,Raca,worthless; good-for-nothing
2048,Rachab,same as Rahab
2049,Rachal,to whisper; an embalmer
2050,Rachel,sheep
2051,Raddai,ruling; coming down
2052,Ragau,friend; shepherd
2053,Raguel,"shepherd, or friend of God"
2054,Rahab,proud; quarrelsome (applied to Egypt)
2055,Rahab,large; extended (name of a woman)
2056,Raham,compassion; a friend
2057,Rakkath,empty; temple of the head
2058,Rakkon,vain; void; mountain of enjoyment
2059,Ram,elevated; sublime
2060,Ramah,same as Ram
2061,Ramath,"Ramatha, raised; lofty"
2062,Ramathaim-zophim,the two watch-towers
2063,Ramath-lehi,elevation of the jaw-bone
2064,Ramath-mizpeh,elevation of the watch-tower
2065,Ramiah,exaltation of the Lord
2066,Ramoth,eminences; high places
2067,Raphah,"Raphu, relaxation; physic; comfort"
2068,Reaiah,vision of the Lord
2069,Reba,the fourth; a square; that lies or stoops down
2070,Rebekah,fat; fattened; a quarrel appeased
2071,Rechab,square; chariot with team of four horses
2072,Reelaiah,shepherd or companion to the Lord
2073,Regem,that stones or is stoned; purple
2074,Regemmelech,he that stones the king; purple of the king
2075,Rehabiah,"breadth, or extent, of the Lord"
2076,Rehob,breadth; space; extent
2077,Rehoboam,who sets the people at liberty
2078,Rehoboth,spaces; places
2079,Rehum,merciful; compassionate
2080,Rei,my shepherd; my companion; my friend
2081,Rekem,vain pictures; divers picture
2082,Remaliah,the exaltation of the Lord
2083,Remmon,greatness; elevation; a pomegranate-tree
2084,Remphan,prepared; arrayed
2085,Rephael,the physic or medicine of God
2086,Rephaiah,medicine or refreshment of the Lord
2087,Rehpaim,giants; physicians; relaxed
2088,Rephidim,beds; places of rest
2089,Resen,a bridle or bit
2090,Reu,his friend; his shepherd
2091,Reuben,who sees the son; the vision of the son
2092,Reuel,the shepherd or friend of God
2093,Reumah,lofty; sublime
2094,Rezeph,pavement; burning coal
2095,Rezin,good-will; messenger
2096,Rezon,lean; small; secret; prince
2097,Rhegium,rupture; fracture
2098,Rhesa,will; course
2099,Rhoda,a rose
2100,Rhodes,same as Rhoda
2101,Ribai,strife
2102,Riblah,quarrel; greatness to him
2103,Rimmon,exalted; pomegranate
2104,Rinnah,song; rejoicing
2105,Riphath,remedy; medicine; release; pardon
2106,Rissah,watering; distillation; dew
2107,Rithmah,juniper; noise
2108,Rizpah,bed; extension; a coal
2109,Rogelim,a foot or footman
2110,Rohgah,filled or drunk with talk
2111,Romamti-ezer,exaltation of help
2112,Roman,strong; powerful
2113,Rome,strength; power
2114,Rosh,"the head; top, or beginning"
2115,Rufus,red
2116,Ruhamah,having obtained mercy
2117,Rumah,exalted; sublime; rejected
2118,Ruth,drunk; satisfied
2119,Sabaoth,Lord of hosts
2120,Sabeans,captivity; conversion; old age
2121,Sabtah,a going about or circuiting; old age
2122,Sabtechah,that surrounds; that causes wounding
2123,Sacar,wares; a price
2124,Sadducees,"followers of Sadoc, or Zadok"
2125,Sadoc,"or Zadok, just; righteous"
2126,Salah,mission; sending
2127,Salamis,shaken; test; beaten
2128,Salathiel,asked or lent of God
2129,Salcah,thy basket; thy lifting up
2130,Salem,complete or perfect peace
2131,Salim,foxes; fists; path
2132,Sallai,"Sallu, an exaltation; a basket"
2133,Salma,peace; perfection
2134,Salmon,peaceable; perfect; he that rewards
2135,Salome,same as Salmon
2136,Samaria,watch-mountain
2137,Samlah,his raiment; his left hand; his astonishment
2138,Samos,full of gravel
2139,Samothracia,an island possessed by the Samians and Thracians
2140,Samson,his sun; his service; there the second time
2141,Samuel,heard of God; asked of God
2142,Sanballat,bramble-bush; enemy in secret
2143,Sanhedrin,sitting together
2144,Sansannah,bough or bramble of the enemy
2145,Saph,rushes; sea-moss
2146,Saphir,delightful
2147,Sapphira,that relates or tells
2148,Sarah,lady; princess; princess of the multitude
2149,Sarai,my lady; my princess
2150,Sardis,prince of joy
2151,Sardites,removing a dissension
2152,Sarepta,a goldsmith's shop
2153,Sargon,who takes away protection
2154,Sarid,remaining; hand of a prince
2155,Saron,same as Sharon
2156,Sarsechim,master of the wardrobe
2157,Saruch,branch; layer; lining
2158,Satan,contrary; adversary; enemy; accuser
2159,Saul,demanded; lent; ditch; death
2160,Sceva,disposed; prepared
2161,Seba,a drunkard; that turns
2162,Sebat,twig; scepter; tribe
2163,Secacah,shadow; covering; defense
2164,Sechu,defense; bough
2165,Secundus,second
2166,Segub,fortified; raised
2167,Seir,"Seirath, hairy; goat; demon; tempest"
2168,Sela,a rock
2169,Sela-hammah-lekoth,rock of divisions
2170,Selah,the end; a pause
2171,Seled,affliction; warning
2172,Seleucia,shaken or beaten by the waves
2173,Sem,same as Shem
2174,Semachiah,joined to the Lord
2175,Semaiah,obeying the Lord
2176,Semei,hearing; obeying
2177,Senaah,bramble; enemy
2178,Seneh,same as Senaah
2179,Senir,bed-candle; changing
2180,Sennacherib,bramble of destruction
2181,Seorim,gates; hairs; tempests
2182,Sephar,book; scribe; number
2183,Sepharad,a book descending
2184,Sepharvaim,the two books; the two scribes
2185,Serah,lady of scent; song; the morning star
2186,Seraiah,prince of the Lord
2187,Seraphim,burning; fiery
2188,Sered,dyer's vat
2189,Sergius,net
2190,Serug,branch; layer; twining
2191,Seth,put; who puts; fixed
2192,Sethur,hid; destroying
2193,Shaalabbim,"understanding, or son of a fox"
2194,Shaalbim,that beholds the heart
2195,Shaalbonite,a fox's building
2196,Schaaph,fleeing; thinking
2197,Shaaraim,gates; valuation; hairs
2198,Shaashgaz,he that presses the fleece; that shears the sheep
2199,Shabbethai,my rest
2200,Shachia,protection of the Lord
2201,Shadrach,"tender, nipple"
2202,Shage,touching softly; multiplying much
2203,Shalem,same as Salem
2204,Shalim,same as Salim
2205,Shalisha,three; the third; prince; captain
2206,Shallum,perfect; agreeable
2207,Shalmai,my garment
2208,Shalman,peaceable; perfect; that rewards
2209,Shalmaneser,peace; tied; chained; perfection; retribution
2210,Shamariah,throne or keeping of the Lord
2211,Shamed,destroying; wearing out
2212,Shamer,keeper; thorn; dregs
2213,Shamgar,named a stranger; he is here a stranger
2214,Shamhuth,desolation; destruction
2215,Shamir,"Shamer, prison; bush; lees; thorn"
2216,Shammah,loss; desolation; astonishment
2217,Shammai,my name; my desolations
2218,Shammoth,names; desolations
2219,Shammuah,he that is heard; he that is obeyed
2220,Shamsherai,there a singer or conqueror
2221,Shapham,"Shaphan, rabbit; wild rat; their lip; their brink"
2222,Shaphat,judge
2223,Sharai,my lord; my prince; my song
2224,Sharar,navel; thought; singing
2225,Sharezer,"overseer of the treasury, or of the storehouse"
2226,Sharon,his plain; his song
2227,Shashai,rejoicing; mercy; linen
2228,Shashak,a bag of linen; the sixth bag
2229,Shaul,"Saul, asked; lent; a grave"
2230,Shaveh,the plain; that makes equality
2231,Shealtiel,same as Salathiel
2232,Sheariah,gate of the Lord; tempest of the Lord
2233,Shear-jashub,the remnant shall return
2234,Sheba,captivity; old man; repose; oath
2235,Shebam,compassing about; old men
2236,Shebaniah,"the Lord that converts, or recalls from captivity"
2237,Shebarim,breakings; hopes
2238,Sheber,breaking; hope
2239,Shebna,who rests himself; who is now captive
2240,Shebuel,"turning, or captivity, or seat, of God"
2241,Shecaniah,habitation of the Lord
2242,Shechem,part; portion; back early in the morning
2243,Shedeur,field of light; light of the Almighty
2244,Shehariah,mourning or blackness of the Lord
2245,Shelah,that breaks; that unties; that undresses
2246,Shelemiah,God is my perfection; my happiness; my peace
2247,Sheleph,who draws out
2248,Shelesh,captain; prince
2249,Shelomi,"Shelomith, my peace; my happiness; my recompense"
2250,Shelumiel,same as Shelemiah
2251,Shem,name; renown
2252,Shema,hearing; obeying
2253,Shemaiah,that hears or obeys the Lord
2254,Shemariah,God is my guard
2255,Shemeber,name of force; name of the strong
2256,Shemer,guardian; thorn
2257,Shemida,name of knowledge; that puts knowledge
2258,Sheminith,eighth (an eight-stringed instrument)
2259,Shemiramoth,the height of the heavens
2260,Shemuel,appointed by God
2261,Shen,tooth; ivory; change
2262,Shenazar,treasurer of a tooth
2263,Shenir,lantern; light that sleeps
2264,Shephatiah,the Lord that judges
2265,Shephi,beholder; honeycomb; garment
2266,Shepho,desert
2267,Shephuphan,serpent
2268,Sherah,flesh; relationship
2269,Sherebiah,singing with the Lord
2270,Sheshach,bag of flax or linen
2271,Sheshai,six; mercy; flax
2272,Sheshan,lily; rose; joy; flax
2273,Sheshbazzar,joy in tribulation; joy of the vintage
2274,Shethar,putrefied; searching
2275,Shethar-boznai,that makes to rot; that seeks those who despise me
2276,Sheva,vanity; elevation; fame; tumult
2277,Shibboleth,"Sibboleth, ear of corn; stream or flood"
2278,Shibmah,"overmuch captivity, or sitting"
2279,Shicron,drunkenness; his gift; his wages
2280,Shiggaion,a song of trouble or comfort
2281,Shihon,sound; wall of strength
2282,Shihor-libnah,blackness of Libnah
2283,Shilhi,"Shilhim, bough; weapon; armor"
2284,Shillem,peace; perfection; retribution
2285,Shiloah,same as Siloah
2286,Shiloh,sent
2287,Shiloh (name of a city),peace; abundance
2288,Shilom,tarrying; peace-maker
2289,Shilshah,three; chief; captain
2290,Shimeah,"Shimeath, that hears, or obeys; perdition"
2291,Shimei,"Shimi, that hears or obeys; my reputation; my fame"
2292,Shimeon,same as Simeon
2293,Shimma,same as Shimeah
2294,Shimon,providing well; fatness; oil
2295,Shimrath,hearing; obedient
2296,Shimshai,my son
2297,Shimri,thorn; dregs
2298,Shimrith,"Shimron, same as Shimri"
2299,Shinab,father of changing
2300,Shinar,watch of him that sleeps
2301,Shiphi,multitude
2302,Shiphrah,handsome; trumpet; that does good
2303,Shisha,of marble; pleasant
2304,Shishak,present of the bag; of the pot; of the thigh
2305,Shitrai,gatherer of money
2306,Shittim,thorns
2307,Shiza,this gift
2308,Shoa,kings; tyrants
2309,Shobab,returned; turned back; a spark
2310,Shobach,your bonds; your chains
2311,Shobai,turning captivity
2312,Shobal,path; ear of corn
2313,Shobek,made void; forsaken
2314,Shochoh,defense; a bough
2315,Shoham,keeping back
2316,Shomer,keeper; dregs
2317,Shophach,pouring out
2318,Shophan,rabbit; hid
2319,Shoshannim,those that shall be changed
2320,Shua,crying; saving
2321,Shuah,ditch; swimming; humiliation
2322,Shual,fox; path; first
2323,Shubael,returning captivity; seat of God
2324,Shuham,talking; thinking; humiliation; budding
2325,Shulamite,peaceable; perfect; that recompenses
2326,Shunem,their change; their sleep
2327,Shuni,changed; sleeping
2328,Shuphim,"Shuppim, wearing them out; their shore"
2329,Shur,wall; ox; that beholds
2330,Shushan,lily; rose; joy
2331,Shuthelah,plant; verdure; moist; pot
2332,Sia,moving; help
2333,Sibbechai,bough; cottage; of springs
2334,Sibmah,conversion; captivity
2335,Sichem,portion; shoulder
2336,Siddim,the tilled field
2337,Sidon,hunting; fishing; venison
2338,Sigionoth,"according to variable songs or tunes,"
2339,Sihon,rooting out; conclusion
2340,Sihor,black; trouble (the river Nile)
2341,Silas,"three, or the third"
2342,Silla,exalting
2343,Siloa,"Siloam, Siloe, same as Shilhi"
2344,Silvanus,who loves the forest
2345,Simeon,that hears or obeys; that is heard
2346,Simon,that hears; that obeys
2347,Sin,bush
2348,Sinai,a bush; enmity
2349,Sinim,"south country,"
2350,Sion,noise; tumult
2351,Sippai,threshold; silver cup
2352,Sinon,a breast-plate; deliverance
2353,Sisamai,house; blindness
2354,Sisera,that sees a horse or a swallow
2355,Sitnah,hatred
2356,Sivan,a bush or thorn
2357,Smyrna,myrrh
2358,So,a measure for grain; vail
2359,Socoh,tents; tabernacles
2360,Sodi,my secret
2361,Sodom,their secret; their cement
2362,Solomon,peaceable; perfect; one who recompenses
2363,Sopater,"Sosipater, who defends the father"
2364,Sophereth,"scribe, numbering"
2365,Sorek,vine; hissing; a color inclining to yellow
2366,Sosthenes,savior; strong; powerful
2367,Sotai,conclusion in pleading; binding
2368,Spain,rare; precious
2369,Stachys,spike or ear of corn
2370,Stephanas,crown; crowned
2371,Stephen,same as Stephanas
2372,Suah,speaking; entreating; ditch
2373,Succoth,tents; tabernacles
2374,Succoth-benoth,"the tents of daughters, or young women; or prostitutes"
2375,Sud,my secret
2376,Sur,that withdraws or departs; rebellion
2377,Susanna,lily; rose; joy
2378,Susi,horse; swallow; moth
2379,Sychar,end
2380,Syene,a bush; enmity
2381,Syntyche,that speaks or discourses
2382,Syracuse,that draws violently
2383,Taanach,who humbles thee; who answers thee
2384,Taanach-shilo,breaking down a fig-tree
2385,Tabbath,good; goodness
2386,Tabeal,"Tabeel, good God"
2387,Taberah,burning
2388,Tabitha,clear-sighted; a roe-deer
2389,Tabor,choice; purity; bruising
2390,Tabrimon,good pomegranate; the navel; the middle
2391,Tadmor,the palm-tree; bitterness
2392,Tahan,beseeching; merciful
2393,Tahapenes,secret temptation
2394,Tahath,fear; going down
2395,Tahpenes,standard; flight; temptation
2396,Tahrea,anger; wicked contention
2397,Talitha-cumi,"young woman, arise"
2398,Talmai,my furrow; that suspends the waters; heap of waters
2399,Tamah,blotting or wiping out; smiting
2400,Tamar,palm; palm-tree
2401,Tammuz,abstruse; concealed; consumed
2402,Tanach,same as Taanach
2403,Tanhumeth,consolation; repentance
2404,Taphath,distillation; drop
2405,Tappuah,apple; swelling
2406,Tarah,a hair; a wretch; one banished
2407,Taralah,"searching out slander, or strength"
2408,Tarea,howling; doing evil
2409,Tarpelites,ravishers; succession of miracles
2410,Tarshish,contemplation; examination
2411,Tarsus,winged; feathered
2412,Tartak,chained; bound; shut up
2413,Tartan,a general (official title)
2414,Tatnai,that gives; the overseer of the gifts and tributes
2415,Tebah,murder; butchery; guarding of the body; a cook
2416,Tebaliah,"baptism, or goodness, of the Lord"
2417,Tebeth,"good, goodness (the tenth month of the Hebrews)"
2418,Tehinnah,entreaty; a favor
2419,Tekel,weight
2420,Tekoa,trumpet; that is confirmed
2421,Telabib,a heap of new grain
2422,Telah,moistening; greenness
2423,Telassar,taking away; heaping up
2424,Telem,their dew; their shadow
2425,Telharsa,suspension of the plow
2426,Tel-melah,heap of salt
2427,Tema,admiration; perfection; consummation
2428,Teman,"Temani, the south; Africa; perfect"
2429,Terah,to breathe; scent; blow
2430,Teraphim,images; idols
2431,Tertius,third
2432,Tertullus,third
2433,Tetrarch,governor of a fourth part
2434,Thaddeus,that praises or confesses
2435,Thahash,that makes haste; that keeps silence
2436,Thamah,that blots out; that suppresses
2437,Tharah,same as Terah
2438,Thebez,muddy; eggs; fine linen or silk
2439,Thelasar,same as Telassar
2440,Theophilus,friend of God
2441,Thessalonica,victory against the Thessalians
2442,Theudas,flowing with water
2443,Thomas,a twin
2444,Thummim,perfection; truth
2445,Thyatira,a perfume; sacrifice of labor
2446,Tibbath,killing; a cook
2447,Tiberias,good vision; the navel
2448,Tiberius,the son of Tiber
2449,Tibni,straw; hay
2450,Tidal,that breaks the yoke; knowledge of elevation
2451,Tiglath-pileser,that binds or takes away captivity
2452,Tikvah,hope; a little line; congregation
2453,Tilon,murmuring
2454,Timeus,perfect; admirable; honorable
2455,Timnah,forbidding
2456,Timnath,image; figure; enumeration
2457,Timnath-heres,"or Timnath-serah, image of the sun; numbering of the rest"
2458,Timon,honorable; worthy
2459,Timotheus,honor of God; valued of God
2460,Tiphsah,passage; leap; step; the passover
2461,Tirhakah,inquirer; examiner; dull observer
2462,Tiria,searching out
2463,Tirshatha,a governor
2464,Tirzah,benevolent; complaisant; pleasing
2465,Tishbite,that makes captive
2466,Titus,pleasing
2467,Toah,weapon; dart
2468,Tob,good; goodness
2469,Tob-adonijah,my good God; the goodness of the foundation of the Lord
2470,Tobiah,"Tobijah, the Lord is good"
2471,Tochen,middle
2472,Togarmah,which is all bone
2473,Tohu,that lives; that declares
2474,Toi,who wanders
2475,Tola,worm; grub; scarlet
2476,Tolad,a generation
2477,Tophel,ruin; folly; without understanding
2478,Tophet,a drum; betraying
2479,Trachonitis,stony
2480,Troas,penetrated
2481,Trophimus,well educated; well brought up
2482,Tryphena,delicious; delicate
2483,Tryphon,masculine of Tryphena
2484,Tryphosa,thrice shining
2485,Tubal,the earth; the world; confusion
2486,Tubal-cain,worldly possession; possessed of confusion
2487,Tychicus,casual; by chance
2488,Tyrannus,a prince; one that reigns
2489,Tyre,"Tyrus, strength; rock; sharp"
2490,Ucal,"power, prevalency"
2491,Uel,desiring God
2492,Ulai,strength; fool; senseless
2493,Ulam,the porch; the court; their strength; their folly
2494,Ulla,elevation; leaf; young child
2495,Ummah,darkened; covered; his people
2496,Unni,poor; afflicted; that answers
2497,Uphaz,pure gold; gold of Phasis or Pison
2498,Upharsin,divided
2499,Ur,"fire, light, a valley"
2500,Urbane,courteous
2501,Uri,"my light, my fire"
2502,Uriah,"or Urijah, the Lord is my light or fire"
2503,Uriel,same as Uriah
2504,Urim,lights; fires
2505,Uthai,my iniquity
2506,Uz,counsel; words
2507,Uzai,he
2508,Uzal,wandering
2509,Uzzah,strength; goat
2510,Uzzen-sherah,ear of the flesh
2511,Uzzi,my strength; my kid
2512,Uzziah,"Uzziel, the strength, or kid, of the Lord"
2513,Vajezatha,sprinkling the chamber
2514,Vaniah,"nourishment, or weapons, of the Lord"
2515,Vashni,the second; changed; a tooth
2516,Vashti,that drinks; thread
2517,Vophsi,fragrant; diminution
2518,Zaanannim,movings; a person asleep
2519,Zaavan,trembling
2520,Zabad,dowry; endowed
2521,Zabbai,flowing
2522,Zabdi,same as Zabad
2523,Zaccai,pure meat; just
2524,Zaccheus,pure; clean; just
2525,Zaccur,of the male kind; mindful
2526,Zachariah,memory of the Lord
2527,Zadok,just; justified
2528,Zaham,crime; filthiness; impurity
2529,Zair,little; afflicted; in tribulation
2530,Zalaph,shadow; ringing; shaking
2531,Zalmon,his shade; his image
2532,Zalmonah,the shade; the sound of the number; his image
2533,Zalmunna,shadow; image; idol forbidden
2534,Zamzummims,projects of crimes; enormous crimes
2535,Zanoah,forgetfulness; desertion
2536,Zaphnath-paaneah,one who discovers hidden things
2537,Zarah,east; brightness
2538,Zareah,leprosy; hornet
2539,Zared,strange descent
2540,Zarephath,ambush of the mouth
2541,Zaretan,tribulation; perplexity
2542,Zatthu,olive tree
2543,Zaza,belonging to all
2544,Zebadiah,portion of the Lord; the Lord is my portion
2545,Zebah,victim; sacrifice
2546,Zebedee,abundant; portion
2547,Zebina,flowing now; selling; buying
2548,Zeboiim,deer; goats
2549,Zebudah,endowed; endowing
2550,Zebul,a habitation
2551,Zebulun,"Zebulon, dwelling; habitation"
2552,Zechariah,same as Zachariah
2553,Zedad,his side; his hunting
2554,Zedekiah,the Lord is my justice; the justice of the Lord
2555,Zeeb,wolf
2556,Zelah,rib; side; halting
2557,Zelek,the shadow or noise of him that licks or laps
2558,Zelophehad,the shade or tingling of fear
2559,Zelotes,zealous
2560,Zelzah,noontide
2561,Zemaraim,wool; pith
2562,Zemira,song; vine; palm
2563,Zenan,coldness; target; weapon
2564,Zenas,living
2565,Zephaniah,the Lord is my secret
2566,Zephath,which beholds; that attends or that covers
2567,Zepho,"Zephon, that sees and observes; that expects or covers"
2568,Zer,perplexity
2569,Zerah,same as Zarah
2570,Zerahiah,the Lord rising; brightness of the Lord
2571,Zeredah,ambush; change of dominion
2572,Zeresh,misery; strange; dispersed inheritance
2573,Zereth,same as Zer
2574,Zeror,root; that straitens or binds; that keeps tight
2575,Zeruah,leprous; wasp; hornet
2576,Zerubbabel,a stranger at Babylon; dispersion of confusion
2577,Zeruiah,pain or tribulation of the Lord
2578,Zethar,he that examines or beholds
2579,Zia,sweat; swelling
2580,Ziba,army; fight; strength
2581,Zibeon,iniquity that dwells
2582,Zibiah,the Lord dwells; deer; goat
2583,Zichri,that remembers; that is a man
2584,Ziddim,huntings; treasons; destructions
2585,Zidkijah,justice of the Lord
2586,Zidon,hunting; fishing; venison
2587,Zif,this or that; brightness; comeliness
2588,Ziha,brightness; whiteness; drought
2589,Ziklag,measure pressed down
2590,Zillah,shadow; the tingling of the ear
2591,Zilpah,distillation from the mouth
2592,Zilthai,my shadow; my talk
2593,Zimmah,thought; wickedness
2594,Zimran,song; singer; vine
2595,Zimzi,my field; my vine
2596,Zin,buckler; coldness
2597,Zina,shining; going back
2598,Zion,monument; raised up; sepulcher
2599,Zior,ship of him that watches
2600,Ziph,this mouth or mouthful; falsehood
2601,Ziphron,falsehood of a song; rejoicing
2602,Zippor,bird; sparrow; crown; desert
2603,Zipporah,beauty; trumpet; mourning
2604,Zithri,to hide; demolished
2605,Ziz,flower; branch; a lock of hair
2606,Ziza,same as Zina
2607,Zoan,motion
2608,Zoar,little; small
2609,Zobah,"Zobebah, an army; warring"
2610,Zohar,white; bright; dryness
2611,Zoheleth,"that creeps, slides, or draws"
2612,Zoheth,separation; amazing
2613,Zophah,viol; honeycomb
2614,Zophar,rising early; crown
2615,Zophim,place for a watchman
2616,Zorah,leprosy; scab; hornet
2617,Zorobabel,same as Zerubbabel
2618,Zuar,same as Zoar
2619,Zuph,"that beholds, observes, watches; roof; covering"
2620,Zur,stone; rock; that besieges
2621,Zuriel,rock or strength of God
2622,Zurishaddai,the Almighty is my rock and strength
2623,Zuzims,the posts of a door; splendor; beauty
