ID,Color,RGB,R,G,B,Access
1109,indian red,B0171F,176,23,31,2037680
1110,crimson,DC143C,220,20,60,3937500
1112,lightpink 1,FFAEB9,255,174,185,12168959
1113,lightpink 2,EEA2AD,238,162,173,11379438
1114,lightpink 3,CD8C95,205,140,149,9800909
1115,lightpink 4,8B5F65,139,95,101,6643595
1117,pink 1,FFB5C5,255,181,197,12957183
1118,pink 2,EEA9B8,238,169,184,12102126
1119,pink 3,CD919E,205,145,158,10392013
1120,pink 4,8B636C,139,99,108,7103371
1122,palevioletred 1,FF82AB,255,130,171,11240191
1123,palevioletred 2,EE799F,238,121,159,10451438
1124,palevioletred 3,CD6889,205,104,137,9005261
1125,palevioletred 4,8B475D,139,71,93,6113163
1126,lavenderblush 1 (lavenderblush),FFF0F5,255,240,245,16118015
1127,lavenderblush 2,EEE0E5,238,224,229,15065326
1128,lavenderblush 3,CDC1C5,205,193,197,12960205
1129,lavenderblush 4,8B8386,139,131,134,8815499
1130,violetred 1,FF3E96,255,62,150,9846527
1131,violetred 2,EE3A8C,238,58,140,9190126
1132,violetred 3,CD3278,205,50,120,7877325
1133,violetred 4,8B2252,139,34,82,5382795
1135,hotpink 1,FF6EB4,255,110,180,11824895
1136,hotpink 2,EE6AA7,238,106,167,10971886
1137,hotpink 3,CD6090,205,96,144,9461965
1138,hotpink 4,8B3A62,139,58,98,6437515
1139,raspberry,872657,135,38,87,5711495
1140,deeppink 1 (deeppink),FF1493,255,20,147,9639167
1141,deeppink 2,EE1289,238,18,137,8983278
1142,deeppink 3,CD1076,205,16,118,7737549
1143,deeppink 4,8B0A50,139,10,80,5245579
1144,maroon 1,FF34B3,255,52,179,11744511
1145,maroon 2,EE30A7,238,48,167,10957038
1146,maroon 3,CD2990,205,41,144,9447885
1147,maroon 4,8B1C62,139,28,98,6429835
1151,orchid 1,FF83FA,255,131,250,16417791
1152,orchid 2,EE7AE9,238,122,233,15301358
1153,orchid 3,CD69C9,205,105,201,13199821
1154,orchid 4,8B4789,139,71,137,8996747
1156,thistle 1,FFE1FF,255,225,255,16769535
1157,thistle 2,EED2EE,238,210,238,15651566
1158,thistle 3,CDB5CD,205,181,205,13481421
1159,thistle 4,8B7B8B,139,123,139,9141131
1160,plum 1,FFBBFF,255,187,255,16759807
1161,plum 2,EEAEEE,238,174,238,15642350
1162,plum 3,CD96CD,205,150,205,13473485
1163,plum 4,8B668B,139,102,139,9135755
1166,magenta (fuchsia*),FF00FF,255,0,255,16711935
1167,magenta 2,EE00EE,238,0,238,15597806
1168,magenta 3,CD00CD,205,0,205,13435085
1169,magenta 4 (darkmagenta),8B008B,139,0,139,9109643
1170,purple*,800080,128,0,128,8388736
1172,mediumorchid 1,E066FF,224,102,255,16738016
1173,mediumorchid 2,D15FEE,209,95,238,15622097
1174,mediumorchid 3,B452CD,180,82,205,13456052
1175,mediumorchid 4,7A378B,122,55,139,9123706
1178,darkorchid 1,BF3EFF,191,62,255,16727743
1179,darkorchid 2,B23AEE,178,58,238,15612594
1180,darkorchid 3,9A32CD,154,50,205,13447834
1181,darkorchid 4,68228B,104,34,139,9118312
1182,indigo,4B0082,75,0,130,8519755
1184,purple 1,9B30FF,155,48,255,16724123
1185,purple 2,912CEE,145,44,238,15608977
1186,purple 3,7D26CD,125,38,205,13444733
1187,purple 4,551A8B,85,26,139,9116245
1189,mediumpurple 1,AB82FF,171,130,255,16745131
1190,mediumpurple 2,9F79EE,159,121,238,15628703
1191,mediumpurple 3,8968CD,137,104,205,13461641
1192,mediumpurple 4,5D478B,93,71,139,9127773
1197,slateblue 1,836FFF,131,111,255,16740227
1198,slateblue 2,7A67EE,122,103,238,15624058
1199,slateblue 3,6959CD,105,89,205,13457769
1200,slateblue 4,473C8B,71,60,139,9124935
1203,blue*,0000FF,0,0,255,16711680
1204,blue 2,0000EE,0,0,238,15597568
1205,blue 3 (mediumblue),0000CD,0,0,205,13434880
1206,blue 4 (darkblue),00008B,0,0,139,9109504
1207,navy*,000080,0,0,128,8388608
1209,cobalt,3D59AB,61,89,171,11229501
1211,royalblue 1,4876FF,72,118,255,16741960
1212,royalblue 2,436EEE,67,110,238,15625795
1213,royalblue 3,3A5FCD,58,95,205,13459258
1214,royalblue 4,27408B,39,64,139,9125927
1217,lightsteelblue 1,CAE1FF,202,225,255,16769482
1218,lightsteelblue 2,BCD2EE,188,210,238,15651516
1219,lightsteelblue 3,A2B5CD,162,181,205,13481378
1220,lightsteelblue 4,6E7B8B,110,123,139,9141102
1221,lightslategray,778899,119,136,153,10061943
1223,slategray 1,C6E2FF,198,226,255,16769734
1224,slategray 2,B9D3EE,185,211,238,15651769
1225,slategray 3,9FB6CD,159,182,205,13481631
1226,slategray 4,6C7B8B,108,123,139,9141100
1227,dodgerblue 1 (dodgerblue),1E90FF,30,144,255,16748574
1228,dodgerblue 2,1C86EE,28,134,238,15631900
1229,dodgerblue 3,1874CD,24,116,205,13464600
1230,dodgerblue 4,104E8B,16,78,139,9129488
1233,steelblue 1,63B8FF,99,184,255,16758883
1234,steelblue 2,5CACEE,92,172,238,15641692
1235,steelblue 3,4F94CD,79,148,205,13472847
1236,steelblue 4,36648B,54,100,139,9135158
1238,lightskyblue 1,B0E2FF,176,226,255,16769712
1239,lightskyblue 2,A4D3EE,164,211,238,15651748
1240,lightskyblue 3,8DB6CD,141,182,205,13481613
1241,lightskyblue 4,607B8B,96,123,139,9141088
1242,skyblue 1,87CEFF,135,206,255,16764551
1243,skyblue 2,7EC0EE,126,192,238,15646846
1244,skyblue 3,6CA6CD,108,166,205,13477484
1245,skyblue 4,4A708B,74,112,139,9138250
1247,deepskyblue 1 (deepskyblue),00BFFF,0,191,255,16760576
1248,deepskyblue 2,00B2EE,0,178,238,15643136
1249,deepskyblue 3,009ACD,0,154,205,13474304
1250,deepskyblue 4,00688B,0,104,139,9136128
1251,peacock,33A1C9,51,161,201,13214003
1253,lightblue 1,BFEFFF,191,239,255,16773055
1254,lightblue 2,B2DFEE,178,223,238,15654834
1255,lightblue 3,9AC0CD,154,192,205,13484186
1256,lightblue 4,68838B,104,131,139,9143144
1258,cadetblue 1,98F5FF,152,245,255,16774552
1259,cadetblue 2,8EE5EE,142,229,238,15656334
1260,cadetblue 3,7AC5CD,122,197,205,13485434
1261,cadetblue 4,53868B,83,134,139,9143891
1262,turquoise 1,00F5FF,0,245,255,16774400
1263,turquoise 2,00E5EE,0,229,238,15656192
1264,turquoise 3,00C5CD,0,197,205,13485312
1265,turquoise 4,00868B,0,134,139,9143808
1268,azure 1 (azure),F0FFFF,240,255,255,16777200
1269,azure 2,E0EEEE,224,238,238,15658720
1270,azure 3,C1CDCD,193,205,205,13487553
1271,azure 4,838B8B,131,139,139,9145219
1272,lightcyan 1 (lightcyan),E0FFFF,224,255,255,16777184
1273,lightcyan 2,D1EEEE,209,238,238,15658705
1274,lightcyan 3,B4CDCD,180,205,205,13487540
1275,lightcyan 4,7A8B8B,122,139,139,9145210
1276,paleturquoise 1,BBFFFF,187,255,255,16777147
1277,paleturquoise 2 (paleturquoise),AEEEEE,174,238,238,15658670
1278,paleturquoise 3,96CDCD,150,205,205,13487510
1279,paleturquoise 4,668B8B,102,139,139,9145190
1281,darkslategray 1,97FFFF,151,255,255,16777111
1282,darkslategray 2,8DEEEE,141,238,238,15658637
1283,darkslategray 3,79CDCD,121,205,205,13487481
1284,darkslategray 4,528B8B,82,139,139,9145170
1285,cyan / aqua*,00FFFF,0,255,255,16776960
1286,cyan 2,00EEEE,0,238,238,15658496
1287,cyan 3,00CDCD,0,205,205,13487360
1288,cyan 4 (darkcyan),008B8B,0,139,139,9145088
1289,teal*,008080,0,128,128,8421376
1292,manganeseblue,03A89E,3,168,158,10397699
1294,coldgrey,808A87,128,138,135,8882816
1295,turquoiseblue,00C78C,0,199,140,9225984
1296,aquamarine 1 (aquamarine),7FFFD4,127,255,212,13959039
1297,aquamarine 2,76EEC6,118,238,198,13037174
1298,aquamarine 3 (mediumaquamarine),66CDAA,102,205,170,11193702
1299,aquamarine 4,458B74,69,139,116,7637829
1303,springgreen 1,00EE76,0,238,118,7794176
1304,springgreen 2,00CD66,0,205,102,6737152
1305,springgreen 3,008B45,0,139,69,4557568
1307,seagreen 1,54FF9F,84,255,159,10485588
1308,seagreen 2,4EEE94,78,238,148,9760334
1309,seagreen 3,43CD80,67,205,128,8441155
1310,seagreen 4 (seagreen),2E8B57,46,139,87,5737262
1311,emeraldgreen,00C957,0,201,87,5753088
1312,mint,BDFCC9,189,252,201,13237437
1313,cobaltgreen,3D9140,61,145,64,4231485
1314,honeydew 1 (honeydew),F0FFF0,240,255,240,15794160
1315,honeydew 2,E0EEE0,224,238,224,14741216
1316,honeydew 3,C1CDC1,193,205,193,12701121
1317,honeydew 4,838B83,131,139,131,8620931
1319,darkseagreen 1,C1FFC1,193,255,193,12713921
1320,darkseagreen 2,B4EEB4,180,238,180,11857588
1321,darkseagreen 3,9BCD9B,155,205,155,10210715
1322,darkseagreen 4,698B69,105,139,105,6916969
1324,palegreen 1,9AFF9A,154,255,154,10157978
1325,palegreen 2 (lightgreen),90EE90,144,238,144,9498256
1326,palegreen 3,7CCD7C,124,205,124,8179068
1327,palegreen 4,548B54,84,139,84,5540692
1330,green 1 (lime*),00FF00,0,255,0,65280
1331,green 2,00EE00,0,238,0,60928
1332,green 3,00CD00,0,205,0,52480
1333,green 4,008B00,0,139,0,35584
1334,green*,008000,0,128,0,32768
1336,sapgreen,308014,48,128,20,1343536
1338,chartreuse 1 (chartreuse),7FFF00,127,255,0,65407
1339,chartreuse 2,76EE00,118,238,0,61046
1340,chartreuse 3,66CD00,102,205,0,52582
1341,chartreuse 4,458B00,69,139,0,35653
1343,darkolivegreen 1,CAFF70,202,255,112,7405514
1344,darkolivegreen 2,BCEE68,188,238,104,6876860
1345,darkolivegreen 3,A2CD5A,162,205,90,5950882
1346,darkolivegreen 4,6E8B3D,110,139,61,4033390
1349,olivedrab 1,C0FF3E,192,255,62,4128704
1350,olivedrab 2,B3EE3A,179,238,58,3862195
1351,olivedrab 3 (yellowgreen),9ACD32,154,205,50,3329434
1352,olivedrab 4,698B22,105,139,34,2263913
1353,ivory 1 (ivory),FFFFF0,255,255,240,15794175
1354,ivory 2,EEEEE0,238,238,224,14741230
1355,ivory 3,CDCDC1,205,205,193,12701133
1356,ivory 4,8B8B83,139,139,131,8620939
1358,lightyellow 1 (lightyellow),FFFFE0,255,255,224,14745599
1359,lightyellow 2,EEEED1,238,238,209,13758190
1360,lightyellow 3,CDCDB4,205,205,180,11849165
1361,lightyellow 4,8B8B7A,139,139,122,8031115
1363,yellow 1 (yellow*),FFFF00,255,255,0,65535
1364,yellow 2,EEEE00,238,238,0,61166
1365,yellow 3,CDCD00,205,205,0,52685
1366,yellow 4,8B8B00,139,139,0,35723
1367,warmgrey,808069,128,128,105,6914176
1368,olive*,808000,128,128,0,32896
1370,khaki 1,FFF68F,255,246,143,9434879
1371,khaki 2,EEE685,238,230,133,8775406
1372,khaki 3,CDC673,205,198,115,7587533
1373,khaki 4,8B864E,139,134,78,5146251
1376,lemonchiffon 1 (lemonchiffon),FFFACD,255,250,205,13499135
1377,lemonchiffon 2,EEE9BF,238,233,191,12577262
1378,lemonchiffon 3,CDC9A5,205,201,165,10865101
1379,lemonchiffon 4,8B8970,139,137,112,7375243
1380,lightgoldenrod 1,FFEC8B,255,236,139,9170175
1381,lightgoldenrod 2,EEDC82,238,220,130,8576238
1382,lightgoldenrod 3,CDBE70,205,190,112,7388877
1383,lightgoldenrod 4,8B814C,139,129,76,5013899
1384,banana,E3CF57,227,207,87,5754851
1385,gold 1 (gold),FFD700,255,215,0,55295
1386,gold 2,EEC900,238,201,0,51694
1387,gold 3,CDAD00,205,173,0,44493
1388,gold 4,8B7500,139,117,0,30091
1389,cornsilk 1 (cornsilk),FFF8DC,255,248,220,14481663
1390,cornsilk 2,EEE8CD,238,232,205,13494510
1391,cornsilk 3,CDC8B1,205,200,177,11651277
1392,cornsilk 4,8B8878,139,136,120,7899275
1394,goldenrod 1,FFC125,255,193,37,2474495
1395,goldenrod 2,EEB422,238,180,34,2274542
1396,goldenrod 3,CD9B1D,205,155,29,1940429
1397,goldenrod 4,8B6914,139,105,20,1337739
1399,darkgoldenrod 1,FFB90F,255,185,15,1030655
1400,darkgoldenrod 2,EEAD0E,238,173,14,962030
1401,darkgoldenrod 3,CD950C,205,149,12,824781
1402,darkgoldenrod 4,8B6508,139,101,8,550283
1403,orange 1 (orange),FFA500,255,165,0,42495
1404,orange 2,EE9A00,238,154,0,39662
1405,orange 3,CD8500,205,133,0,34253
1406,orange 4,8B5A00,139,90,0,23179
1410,wheat 1,FFE7BA,255,231,186,12249087
1411,wheat 2,EED8AE,238,216,174,11458798
1412,wheat 3,CDBA96,205,186,150,9878221
1413,wheat 4,8B7E66,139,126,102,6717067
1417,navajowhite 1 (navajowhite),FFDEAD,255,222,173,11394815
1418,navajowhite 2,EECFA1,238,207,161,10604526
1419,navajowhite 3,CDB38B,205,179,139,9155533
1420,navajowhite 4,8B795E,139,121,94,6191499
1421,eggshell,FCE6C9,252,230,201,13231868
1423,brick,9C661F,156,102,31,2057884
1424,cadmiumyellow,FF9912,255,153,18,1219071
1426,antiquewhite 1,FFEFDB,255,239,219,14413823
1427,antiquewhite 2,EEDFCC,238,223,204,13426670
1428,antiquewhite 3,CDC0B0,205,192,176,11583693
1429,antiquewhite 4,8B8378,139,131,120,7897995
1431,burlywood 1,FFD39B,255,211,155,10212351
1432,burlywood 2,EEC591,238,197,145,9553390
1433,burlywood 3,CDAA7D,205,170,125,8235725
1434,burlywood 4,8B7355,139,115,85,5600139
1435,bisque 1 (bisque),FFE4C4,255,228,196,12903679
1436,bisque 2,EED5B7,238,213,183,12047854
1437,bisque 3,CDB79E,205,183,158,10401741
1438,bisque 4,8B7D6B,139,125,107,7044491
1439,melon,E3A869,227,168,105,6924515
1440,carrot,ED9121,237,145,33,2200045
1442,darkorange 1,FF7F00,255,127,0,32767
1443,darkorange 2,EE7600,238,118,0,30446
1444,darkorange 3,CD6600,205,102,0,26317
1445,darkorange 4,8B4500,139,69,0,17803
1446,orange,FF8000,255,128,0,33023
1447,tan 1,FFA54F,255,165,79,5219839
1448,tan 2,EE9A49,238,154,73,4823790
1449,tan 3 (peru),CD853F,205,133,63,4163021
1450,tan 4,8B5A2B,139,90,43,2841227
1452,peachpuff 1 (peachpuff),FFDAB9,255,218,185,12180223
1453,peachpuff 2,EECBAD,238,203,173,11389934
1454,peachpuff 3,CDAF95,205,175,149,9809869
1455,peachpuff 4,8B7765,139,119,101,6649739
1456,seashell 1 (seashell),FFF5EE,255,245,238,15660543
1457,seashell 2,EEE5DE,238,229,222,14607854
1458,seashell 3,CDC5BF,205,197,191,12568013
1459,seashell 4,8B8682,139,134,130,8554123
1461,rawsienna,C76114,199,97,20,1335751
1463,chocolate 1,FF7F24,255,127,36,2392063
1464,chocolate 2,EE7621,238,118,33,2193134
1465,chocolate 3,CD661D,205,102,29,1926861
1466,chocolate 4 (saddlebrown),8B4513,139,69,19,1262987
1467,ivoryblack,292421,41,36,33,2171945
1468,flesh,FF7D40,255,125,64,4226559
1469,cadmiumorange,FF6103,255,97,3,221695
1470,burntsienna,8A360F,138,54,15,997002
1472,sienna 1,FF8247,255,130,71,4686591
1473,sienna 2,EE7942,238,121,66,4356590
1474,sienna 3,CD6839,205,104,57,3762381
1475,sienna 4,8B4726,139,71,38,2508683
1476,lightsalmon 1 (lightsalmon),FFA07A,255,160,122,8036607
1477,lightsalmon 2,EE9572,238,149,114,7509486
1478,lightsalmon 3,CD8162,205,129,98,6455757
1479,lightsalmon 4,8B5742,139,87,66,4347787
1481,orangered 1 (orangered),FF4500,255,69,0,17919
1482,orangered 2,EE4000,238,64,0,16622
1483,orangered 3,CD3700,205,55,0,14285
1484,orangered 4,8B2500,139,37,0,9611
1485,sepia,5E2612,94,38,18,1189470
1487,salmon 1,FF8C69,255,140,105,6917375
1488,salmon 2,EE8262,238,130,98,6456046
1489,salmon 3,CD7054,205,112,84,5533901
1490,salmon 4,8B4C39,139,76,57,3755147
1491,coral 1,FF7256,255,114,86,5665535
1492,coral 2,EE6A50,238,106,80,5270254
1493,coral 3,CD5B45,205,91,69,4545485
1494,coral 4,8B3E2F,139,62,47,3096203
1495,burntumber,8A3324,138,51,36,2372490
1496,tomato 1 (tomato),FF6347,255,99,71,4678655
1497,tomato 2,EE5C42,238,92,66,4349166
1498,tomato 3,CD4F39,205,79,57,3755981
1499,tomato 4,8B3626,139,54,38,2504331
1501,mistyrose 1 (mistyrose),FFE4E1,255,228,225,14804223
1502,mistyrose 2,EED5D2,238,213,210,13817326
1503,mistyrose 3,CDB7B5,205,183,181,11909069
1504,mistyrose 4,8B7D7B,139,125,123,8093067
1505,snow 1 (snow),FFFAFA,255,250,250,16448255
1506,snow 2,EEE9E9,238,233,233,15329774
1507,snow 3,CDC9C9,205,201,201,13224397
1508,snow 4,8B8989,139,137,137,9013643
1510,rosybrown 1,FFC1C1,255,193,193,12698111
1511,rosybrown 2,EEB4B4,238,180,180,11842798
1512,rosybrown 3,CD9B9B,205,155,155,10197965
1513,rosybrown 4,8B6969,139,105,105,6908299
1516,indianred 1,FF6A6A,255,106,106,6974207
1517,indianred 2,EE6363,238,99,99,6513646
1518,indianred 4,8B3A3A,139,58,58,3816075
1519,indianred 3,CD5555,205,85,85,5592525
1521,brown 1,FF4040,255,64,64,4210943
1522,brown 2,EE3B3B,238,59,59,3881966
1523,brown 3,CD3333,205,51,51,3355597
1524,brown 4,8B2323,139,35,35,2302859
1526,firebrick 1,FF3030,255,48,48,3158271
1527,firebrick 2,EE2C2C,238,44,44,2895086
1528,firebrick 3,CD2626,205,38,38,2500301
1529,firebrick 4,8B1A1A,139,26,26,1710731
1530,red 1 (red*),FF0000,255,0,0,255
1531,red 2,EE0000,238,0,0,238
1532,red 3,CD0000,205,0,0,205
1533,red 4 (darkred),8B0000,139,0,0,139
1534,maroon*,800000,128,0,0,128
1535,sgi beet,8E388E,142,56,142,9320590
1536,sgi slateblue,7171C6,113,113,198,13005169
1537,sgi lightblue,7D9EC0,125,158,192,12623485
1538,sgi teal,388E8E,56,142,142,9342520
1539,sgi chartreuse,71C671,113,198,113,7456369
1540,sgi olivedrab,8E8E38,142,142,56,3706510
1541,sgi brightgray,C5C1AA,197,193,170,11190725
1542,sgi salmon,C67171,198,113,113,7434694
1543,sgi darkgray,555555,85,85,85,5592405
1544,sgi gray 12,1E1E1E,30,30,30,1973790
1545,sgi gray 16,282828,40,40,40,2631720
1546,sgi gray 32,515151,81,81,81,5329233
1547,sgi gray 36,5B5B5B,91,91,91,5987163
1548,sgi gray 52,848484,132,132,132,8684676
1549,sgi gray 56,8E8E8E,142,142,142,9342606
1550,sgi lightgray,AAAAAA,170,170,170,11184810
1551,sgi gray 72,B7B7B7,183,183,183,12040119
1552,sgi gray 76,C1C1C1,193,193,193,12698049
1553,sgi gray 92,EAEAEA,234,234,234,15395562
1554,sgi gray 96,F4F4F4,244,244,244,16053492
1555,white*,FFFFFF,255,255,255,16777215
1556,white smoke (gray 96),F5F5F5,245,245,245,16119285
1558,lightgrey,D3D3D3,211,211,211,13882323
1559,silver*,C0C0C0,192,192,192,12632256
1560,darkgray,A9A9A9,169,169,169,11119017
1561,gray*,808080,128,128,128,8421504
1562,dimgray (gray 42),696969,105,105,105,6908265
1563,black*,000000,0,0,0,0
1564,gray 99,FCFCFC,252,252,252,16579836
1565,gray 98,FAFAFA,250,250,250,16448250
1566,gray 97,F7F7F7,247,247,247,16250871
1567,white smoke (gray 96),F5F5F5,245,245,245,16119285
1568,gray 95,F2F2F2,242,242,242,15921906
1569,gray 94,F0F0F0,240,240,240,15790320
1570,gray 93,EDEDED,237,237,237,15592941
1571,gray 92,EBEBEB,235,235,235,15461355
1572,gray 91,E8E8E8,232,232,232,15263976
1573,gray 90,E5E5E5,229,229,229,15066597
1574,gray 89,E3E3E3,227,227,227,14935011
1575,gray 88,E0E0E0,224,224,224,14737632
1576,gray 87,DEDEDE,222,222,222,14606046
1577,gray 86,DBDBDB,219,219,219,14408667
1578,gray 85,D9D9D9,217,217,217,14277081
1579,gray 84,D6D6D6,214,214,214,14079702
1580,gray 83,D4D4D4,212,212,212,13948116
1581,gray 82,D1D1D1,209,209,209,13750737
1582,gray 81,CFCFCF,207,207,207,13619151
1583,gray 80,CCCCCC,204,204,204,13421772
1584,gray 79,C9C9C9,201,201,201,13224393
1585,gray 78,C7C7C7,199,199,199,13092807
1586,gray 77,C4C4C4,196,196,196,12895428
1587,gray 76,C2C2C2,194,194,194,12763842
1588,gray 75,BFBFBF,191,191,191,12566463
1589,gray 74,BDBDBD,189,189,189,12434877
1590,gray 73,BABABA,186,186,186,12237498
1591,gray 72,B8B8B8,184,184,184,12105912
1592,gray 71,B5B5B5,181,181,181,11908533
1593,gray 70,B3B3B3,179,179,179,11776947
1594,gray 69,B0B0B0,176,176,176,11579568
1595,gray 68,ADADAD,173,173,173,11382189
1596,gray 67,ABABAB,171,171,171,11250603
1597,gray 66,A8A8A8,168,168,168,11053224
1598,gray 65,A6A6A6,166,166,166,10921638
1599,gray 64,A3A3A3,163,163,163,10724259
1600,gray 63,A1A1A1,161,161,161,10592673
1601,gray 62,9E9E9E,158,158,158,10395294
1602,gray 61,9C9C9C,156,156,156,10263708
1603,gray 60,999999,153,153,153,10066329
1604,gray 59,969696,150,150,150,9868950
1605,gray 58,949494,148,148,148,9737364
1606,gray 57,919191,145,145,145,9539985
1607,gray 56,8F8F8F,143,143,143,9408399
1608,gray 55,8C8C8C,140,140,140,9211020
1609,gray 54,8A8A8A,138,138,138,9079434
1610,gray 53,878787,135,135,135,8882055
1611,gray 52,858585,133,133,133,8750469
1612,gray 51,828282,130,130,130,8553090
1613,gray 50,7F7F7F,127,127,127,8355711
1614,gray 49,7D7D7D,125,125,125,8224125
1615,gray 48,7A7A7A,122,122,122,8026746
1616,gray 47,787878,120,120,120,7895160
1617,gray 46,757575,117,117,117,7697781
1618,gray 45,737373,115,115,115,7566195
1619,gray 44,707070,112,112,112,7368816
1620,gray 43,6E6E6E,110,110,110,7237230
1621,gray 42,6B6B6B,107,107,107,7039851
1622,dimgray (gray 42),696969,105,105,105,6908265
1623,gray 40,666666,102,102,102,6710886
1624,gray 39,636363,99,99,99,6513507
1625,gray 38,616161,97,97,97,6381921
1626,gray 37,5E5E5E,94,94,94,6184542
1627,gray 36,5C5C5C,92,92,92,6052956
1628,gray 35,595959,89,89,89,5855577
1629,gray 34,575757,87,87,87,5723991
1630,gray 33,545454,84,84,84,5526612
1631,gray 32,525252,82,82,82,5395026
1632,gray 31,4F4F4F,79,79,79,5197647
1633,gray 30,4D4D4D,77,77,77,5066061
1634,gray 29,4A4A4A,74,74,74,4868682
1635,gray 28,474747,71,71,71,4671303
1636,gray 27,454545,69,69,69,4539717
1637,gray 26,424242,66,66,66,4342338
1638,gray 25,404040,64,64,64,4210752
1639,gray 24,3D3D3D,61,61,61,4013373
1640,gray 23,3B3B3B,59,59,59,3881787
1641,gray 22,383838,56,56,56,3684408
1642,gray 21,363636,54,54,54,3552822
1643,gray 20,333333,51,51,51,3355443
1644,gray 19,303030,48,48,48,3158064
1645,gray 18,2E2E2E,46,46,46,3026478
1646,gray 17,2B2B2B,43,43,43,2829099
1647,gray 16,292929,41,41,41,2697513
1648,gray 15,262626,38,38,38,2500134
1649,gray 14,242424,36,36,36,2368548
1650,gray 13,212121,33,33,33,2171169
1651,gray 12,1F1F1F,31,31,31,2039583
1652,gray 11,1C1C1C,28,28,28,1842204
1653,gray 10,1A1A1A,26,26,26,1710618
1654,gray 9,171717,23,23,23,1513239
1655,gray 8,141414,20,20,20,1315860
1656,gray 7,121212,18,18,18,1184274
1657,gray 6,0F0F0F,15,15,15,986895
1658,gray 5,0D0D0D,13,13,13,855309
1659,gray 4,0A0A0A,10,10,10,657930
1660,gray 3,080808,8,8,8,526344
1661,gray 2,050505,5,5,5,328965
1662,gray 1,030303,3,3,3,197379
