RGB,Color
000000,Black
100C08,Smoky black
000080,Navy blue
00008B,Dark blue
00009C,Duke blue
1A1110,Licorice
0000CD,Medium blue
000F89,Phthalo blue
3D0C02,Black bean
480607,Bulgarian rose
2C1608,Zinnwaldite brown
002147,Oxford Blue
120A8F,Ultramarine
321414,Seal brown
0000FF,Blue
560319,Dark scarlet
0014A8,Zaffre
65000B,Rosewood
3C1414,Dark sienna
002366,Royal blue (traditional)
1A2421,Dark jungle green
013220,Dark green
191970,Midnight blue
002387,Resolution blue
4B0082,Indigo
002395,Imperial blue
003153,Prussian blue
800000,Maroon
002E63,Cool black
66023C,Tyrian purple
1C2841,Yankees blue
32127A,Persian indigo
062A78,Catalina blue
123524,Phthalo green
232B2B,Charleston green
8B0000,Dark red
003366,Dark midnight blue
800020,Burgundy
1D2951,Space cadet
860111,Red devil
004225,British racing green
7C0A02,Barn red
014421,Forest green (traditional)
014421,UP Forest green
00308F,Air Force blue (USAF)
1C352D,Medium jungle green
92000A,Sangria
004040,Rich black
990000,OU Crimson Red
990000,Stizza
990000,USC Cardinal
004242,Warm black
002FA7,International Klein Blue
253529,Black leather jacket
3D2B1F,Bistre
003399,Dark powder blue
003399,Smalt
960018,Carmine
3F00FF,Electric ultramarine
23297A,St. Patrick's blue
7B1113,UP Maroon
A40000,Dark candy apple red
0033AA,UA blue
00416A,Dark imperial blue
00416A,Indigo (dye)
3C341F,Olive Drab #7
343434,Jet
0038A8,Royal azure
21421E,Myrtle
1C1CF0,Bluebonnet
004953,Midnight green (eagle green)
004B49,Deep jungle green
800080,Patriarch
800080,Purple
701C1C,Persian plum
701C1C,Prune
592720,Caput mortuum
43302E,Old burgundy
7C1C05,Kenyan copper
1034A6,Egyptian blue
18453B,MSU Green
801818,Falu red
353839,Onyx
7D1242,Diamond
880085,Mardi Gras
08457E,Dark cerulean
7F1734,Claret
8B008B,Dark magenta
00563F,Castleton green
00563F,Sacramento State green
4B3621,Café noir
78184A,Pansy purple
3B3C36,Black olive
AE0C00,Mordant red 19
1E4D2B,Cal Poly green
9B111E,Ruby red
006600,Pakistan green
195905,Lincoln green
1B4D3E,Brunswick green
1B4D3E,English green
841B2D,Antique ruby
8601AF,Violet (RYB)
CC0000,Boston University Red
0047AB,Cobalt
6F00FF,Electric indigo
6F00FF,Indigo
483C32,Dark lava
483C32,Dark taupe
483C32,Taupe
BE0032,Crimson glory
C90016,Harvard crimson
333399,Blue (pigment)
1C39BB,Persian blue
D40000,Rosso corsa
004F98,USAFA blue
035096,Medium electric blue
682860,Palatinate purple
522D80,Regalia
C40233,Red (NCS)
36454F,Charcoal
3B444B,Arsenic
0F4D92,Yale Blue
A50B5E,Jazzberry jam
C80815,Venetian red
7F00FF,Violet
5218FA,Han purple
A81C07,Rufous
414833,Rifle green
673147,Old mauve
673147,Wine dregs
722F37,Wine
9400D3,Dark violet
602F6B,Imperial
702963,Byzantium
2F4F4F,Dark slate gray
006B3C,Cadmium green
882D17,Kobe
882D17,Sienna
BA160C,International orange (engineering)
9F00C5,Purple (Munsell)
50404D,Purple taupe
D3003F,Utah Crimson
D10047,Spanish carmine
9F1D35,Vivid burgundy
922724,Vivid auburn
5D3954,Dark byzantium
E8000D,KU Crimson
006A4E,Bottle green
0247FE,Blue (RYB)
414A4C,Outer Space
D70040,Carmine (M&P)
D70040,Rich carmine
E30022,Cadmium red
8F00FF,Electric violet
8F00FF,Violet
273BE2,Palatinate blue
D10056,Rubine red
B31B1B,Carnelian
B31B1B,Cornell Red
00703C,Dartmouth green
872657,Dark raspberry
663854,Halayá úbe
483D8B,Dark slate blue
654321,Dark brown
654321,Otter brown
D9004C,UA red
C30B4E,Pictorial carmine
7B3F00,Chocolate (traditional)
0F52BA,Sapphire
704214,Sepia
4B5320,Army green
CF1020,Lava
008000,Ao
654321,Green
654321,Office green
8A3324,Burnt umber
AE2029,Upsdell red
51484F,Quartz
614051,Eggplant
9C2542,Big dip o'ruby
6B4423,Brown-nose
6B4423,Flattery
E2062C,Medium candy apple red
FF0000,Red
A9203E,Deep carmine
9F00FF,Vivid violet
AC1E44,French wine
126180,Blue sapphire
B22222,Firebrick
A32638,Alabama Crimson
355E3B,Hunter green
534B4F,Liver
66424D,Deep Tuscan red
087830,La Salle Green
006994,Sea blue
324AB2,Violet-blue
6F2DA8,Grape
A52A2A,Auburn
A52A2A,Brown
A52A2A,Red-brown
214FC6,New Car
58427C,Cyber Grape
F2003C,Red (Munsell)
0067A5,Medium Persian blue
0067A5,Sapphire blue
00755E,Tropical rain forest
D70A53,Debian red
704241,Deep coffee
69359C,Purple Heart
873260,Boysenberry
FF0028,Ruddy
FF0800,Candy apple red
465945,Gray-asparagus
674846,Rose ebony
007474,Skobeloff
177245,Dark spring green
2E5894,B'dazzled Blue
E4007C,Mexican pink
2A52BE,Cerulean blue
80461B,Russet
FF0038,Carmine red
79443B,Bole
79443B,Medium Tuscan red
C41E3A,Cardinal
FF003F,Electric crimson
674C47,Medium taupe
01796F,Pine green
006DB0,Honolulu blue
1560BD,Denim
8B4513,Saddle brown
CC00CC,Deep magenta
DC143C,Crimson
009000,Islamic green
E30B5D,Raspberry
555555,Davy's grey
6C541E,Field drab
CE2029,Fire engine red
FF033E,American rose
635147,Umber
6F4E37,Coffee
6F4E37,Tuscan brown
FF004F,Folly
893F45,Cordovan
C32148,Bright maroon
C32148,Maroon (Crayola)
26619C,Lapis lazuli
BF00FF,Electric purple
138808,India green
843F5B,Deep ruby
C71585,Medium violet-red
C71585,Red-violet
4D5D53,Feldgrau
AA381E,Chinese red
933D41,Smokey topaz
7C4848,Tuscan red
2A8000,Napier green
E0115F,Ruby
0072BB,French blue
665D1E,Antique bronze
645452,Wenge
964B00,Brown (traditional)
555D50,Ebony
008080,Teal
FD0E35,Scarlet (Crayola)
FD0E35,Tractor red
CC00FF,Vivid orchid
D71868,Dogwood rose
007AA5,CG Blue
FF007F,Bright pink
FF007F,Rose
00827F,Teal green
954535,Chestnut
0073CF,True Blue
E62020,Lust
007BA7,Celadon Blue
007BA7,Cerulean
F400A1,Fashion fuchsia
F400A1,Hollywood cerise
ED1C24,Red (pigment)
0077BE,Ocean Boat Blue
B03060,Maroon (X11)
B03060,Rich maroon
059033,North Texas Green
8A2BE2,Blue-violet
E51A4C,Spanish crimson
CA1F7B,Magenta (dye)
FF0090,Magenta (process)
0A7E8C,Metallic Seaweed
4A646C,Deep Space Sparkle
007BBB,Star command blue
C72C48,French raspberry
556B2F,Dark olive green
A020F0,Purple (X11)
A020F0,Veronica
C0362C,International orange (Golden Gate Bridge)
B7410E,Rust
0070FF,Brandeis blue
C04000,Mahogany
4F666A,Stormcloud
228B22,Forest green
DF00FF,Phlox
DF00FF,Psychedelic purple
AF4035,Medium carmine
AF4035,Pale carmine
8A496B,Twilight lavender
E32636,Alizarin crimson
E32636,Rose madder
C23B22,Dark pastel red
CC3333,Persian red
5A4FCF,Iris
DA1D81,Vivid cerise
FF2400,Scarlet
008B8B,Dark cyan
734F96,Dark lavender
8E4585,Plum (traditional)
9932CC,Dark orchid
DA2C43,Rusty red
536872,Cadet
3B7A57,Amazon
536878,Dark electric blue
536878,Payne's grey
B53389,Fandango
FF2800,Ferrari Red
436B95,Queen blue
CB410B,Sinopia
737000,Bronze Yellow
367588,Teal blue
AA4069,Medium ruby
6050DC,Majorelle Blue
0087BD,Blue (NCS)
FE2712,Red (RYB)
BB3385,Medium red-violet
E3256B,Razzmatazz
507D2A,Sap green
4F7942,Fern green
568203,Avocado
CC3366,Steel pink
7851A9,Royal purple
E52B50,Amaranth
536895,UCLA Blue
CA2C92,Royal fuchsia
8D4E85,Razzmic Berry
007FFF,Azure
009E60,Shamrock green
7E5E60,Deep Taupe
AB4B52,English red
FF1493,Deep pink
FF1493,Fluorescent pink
965A3E,Coconut
696969,Dim gray
49796B,Hooker's green
BD33A4,Byzantine
2E8B57,Sea green
FF00FF,Fuchsia
FF00FF,Magenta
009F6B,Green (NCS)
2F847C,Celadon Green
B3446C,Irresistible
B3446C,Raspberry rose
CF3476,Telemagenta
00A550,Green (pigment)
D73B3E,Jasper
EF3038,Deep carmine pink
FC0FC0,Shocking pink
0093AF,Blue (Munsell)
AB4E52,Redwood
AB4E52,Rose vale
DE3163,Cerise
DE3163,Cherry
826644,Raw umber
4169E1,Royal blue
1F75FE,Blue (Crayola)
4166F5,Ultramarine blue
446CCF,Han blue
996515,Golden brown
E03C31,CG Red
666699,Dark blue-gray
40826D,Viridian
6A5ACD,Slate blue
0095B6,Bondi blue
905D5D,Rose taupe
CB4154,Brick red
FF3800,Coquelicot
B94E48,Deep chestnut
DA3287,Deep cerise
836953,Pastel brown
A8516E,China rose
00A86B,Jade
CC5500,Burnt orange
796878,Old lavender
915F6D,Mauve taupe
915F6D,Raspberry glace
0892D0,Rich electric blue
B06500,Ginger
00AB66,GO green
C74375,Fuchsia rose
00A877,Green (Munsell)
915C83,Antique fuchsia
CD5700,Tenné (Tawny)
856D4D,French bistre
E34234,Cinnabar
E34234,Vermilion (cinnabar)
86608E,French lilac
86608E,Pomp and Power
BF4F51,Bittersweet shimmer
C84186,Smitten
319177,Illuminating Emerald
808000,Heart Gold
808000,Olive
967117,Bistre brown
967117,Drab
967117,Mode beige
967117,Sand dune
967117,Sandy taupe
00A693,Persian green
0D98BA,Blue-green
D0417E,Magenta (Pantone)
417DC1,Tufts Blue
CE4676,Ruber
B5651D,Light brown
FF4500,Orange-red
FF1DCE,Hot magenta
9955BB,Deep lilac
757575,Sonic silver
80755A,Spanish bistre
996666,Copper rose
CC4E5C,Dark terra cotta
85754E,Gold Fusion
4682B4,Steel blue
FE28A2,Persian rose
C46210,Alloy orange
986960,Dark chestnut
FF355E,Radical Red
C54B8C,Mulberry
6B8E23,Olive Drab #3
AE6838,Windsor tan
F94D00,Tangelo
BB6528,Ruddy brown
746CC0,Toolbox
EC3B83,Cerise pink
03C03C,Dark pastel green
FF4040,Coral red
C95A49,Cedar Chest
777696,Rhythm
6E7F80,AuroMetalSaurus
9457EB,Lavender indigo
9457EB,Navy purple
EC5800,Persimmon
EB4C42,Carmine pink
1E90FF,Dodger blue
CD5B45,Dark coral
FF4F00,International orange (aerospace)
8A795D,Shadow
1CAC78,Green (Crayola)
E25822,Flame
318CE7,Bleu de France
FB4F14,Orioles orange
738276,Smoke
987654,Pale brown
7B68EE,Medium slate blue
708090,Slate gray
9B7653,Dirt
FE4164,Neon fuchsia
6082B6,Glaucous
00AAE4,Spanish sky blue
CD5C5C,Indian red
9C7C38,Metallic Sunburst
E86100,Spanish orange
738678,Xanadu
78866B,Camouflage green
9B870C,Dark yellow
A57164,Blast-off bronze
D2691E,Chocolate
D2691E,Cinnamon
D2691E,Cocoa brown
D9603B,Medium vermilion
D9603B,Vermilion (Plochere)
5D8AA8,Air Force blue (RAF)
5D8AA8,Rackley
808080,Gray
808080,Gray
808080,Trolley Grey
29AB87,Jungle green
918151,Dark tan
B87333,Copper
A0785A,Chamoisee
AD6F69,Copper penny
9966CC,Amethyst
C154C1,Deep fuchsia
C154C1,Fuchsia (Crayola)
98777B,Bazaar
FF33CC,Razzle dazzle rose
BA55D3,Medium orchid
DE5285,Fandango pink
8A7F80,Rocket metallic
4F86F7,Blueberry
DA614E,Jelly Bean
F9429E,Rose bonbon
848482,Battleship grey
848482,Old silver
E25098,Raspberry pink
FE5A1D,Giants orange
A67B5B,Café au lait
A67B5B,French beige
A67B5B,Tuscan tan
CC6666,Fuzzy Wuzzy
F64A8A,French rose
0ABAB5,Tiffany Blue
778899,Light slate gray
E75480,Dark pink
B76E79,Rose gold
FF5349,Red-orange
8878C3,Ube
20B2AA,Light sea green
997A8D,Mountbatten pink
21ABCD,Ball Blue
CB6D51,Copper red
1DACD6,Bright cerulean
4997D0,Celestial blue
00B7EB,Cyan (process)
B768A2,Pearly purple
FF43A4,Wild Strawberry
966FD6,Dark pastel purple
9370DB,Medium purple
CC7722,Ochre
B8860B,Dark goldenrod
4CBB17,Kelly green
98817B,Cinereous
FF5A36,Portland Orange
8B8589,Taupe gray
B57281,Turkish rose
3CB371,Medium sea green
DE5D83,Blush
9F8170,Beaver
9678B6,Purple mountain majesty
D77A02,Wild orchid
E9692C,Deep carrot orange
A76BCF,Rich lavender
838996,Roman silver
FF6700,Safety orange (blaze orange)
00CC99,Caribbean green
967BB6,Lavender purple
B666D2,Rich lilac
B78727,University of California Gold
5B92E5,United Nations blue
5F9EA0,Cadet blue
F75394,Violet-red
66B032,Green (RYB)
3EB489,Mint
30BA8F,Mountain Meadow
0BDA51,Malachite
32CD32,Lime green
00BFFF,Capri
00BFFF,Deep sky blue
CD7F32,Bronze
E66771,Light carmine pink
FF6347,Tomato
00CCCC,Robin egg blue
6699CC,Blue-gray
CF6BA9,Super pink
FC5A8D,Strawberry
6495ED,Cornflower blue
FF55A3,Brilliant rose
FF55A3,Magenta (Crayola)
00CED1,Dark turquoise
E2725B,Terra cotta
43B3AE,Verdigris
BA8759,Deer
E48400,Fulvous
6D9BC3,Cerulean frost
FB607F,Brink pink
0FC0FC,Spiro Disco Ball
CD853F,Peru
FE4EDA,Purple pizzazz
E97451,Burnt sienna
E97451,Light red ochre
8C92AC,Cool grey
8C92AC,Gray-blue
C08081,Old rose
B38B6D,Light taupe
FF7518,Pumpkin
B48395,English lavender
DB7093,Pale red-violet
B7093,Pale violet-red
CF71AF,Sky magenta
F77F00,University of Tennessee Orange
E4717A,Candy pink
E4717A,Tango pink
00CCFF,Vivid sky blue
FF6961,Pastel red
8DB600,Apple green
FF6E4A,Outrageous Orange
00FF00,Electric green
00FF00,Green (X11 green)
00FF00,Lime (X11 green)
DE6FA1,China pink
DE6FA1,Thulian pink
72A0C1,Air superiority blue
FF7E00,SAE/ECE Amber
9FA91F,Citron
DA9100,Harvest Gold
F28500,Tangerine
FF7F00,Orange
B784A7,Opera mauve
6CA0DC,Little boy blue
F56991,Light crimson
779ECB,Dark pastel blue
87A96B,Asparagus
FE6F5E,Bittersweet
3CD070,UFO Green
B57EDC,Lavender (floral)
FC6C85,Wild Watermelon
979AAA,Manatee
50C878,Emerald
50C878,Paris Green
D473D4,Deep mauve
D473D4,French mauve
71A6D2,Iceberg
ED872D,Cadmium orange
DA70D6,Orchid
D7837F,New York pink
73A9C2,Moonstone blue
A99A86,Grullo
BC8F8F,Rosy brown
E08D3C,Tiger's eye
DA8A67,Copper (Crayola)
DA8A67,Pale copper
CCA01D,Lemon curry
CC8899,Puce
FF69B4,Hot pink
FF8C00,Dark orange
B5A642,Brass
91A3B0,Cadet grey
AA98A9,Rose quartz
FF66CC,Rose pink
D99058,Persian orange
ED9121,Carrot orange
BC987E,Pale taupe
FF7F50,Coral
FF8F00,Princeton orange
FF8243,Mango Tango
C19A6B,Camel
C19A6B,Desert
C19A6B,Fallow
C19A6B,Lion
C19A6B,Wood brown
D98695,Shimmering Blush
74C365,Mantis
E49B0F,Gamboge
85BB65,Dollar bill
CBA135,Satin sheen gold
F08080,Light coral
92A1CF,Ceil
9DC209,Limerick
CD9575,Antique brass
30D5C8,Turquoise
DF73FF,Heliotrope
08E8DE,Bright turquoise
00FF7F,Guppie green
00FF7F,Spring green
00FA9A,Medium spring green
C09999,Tuscany
F88379,Congo pink
F88379,Coral pink
F88379,Tea rose (orange)
FB9902,Orange (RYB)
DAA520,Goldenrod
44D7A8,Eucalyptus
B39EB5,Pastel purple
8FD400,Sheen Green
A2A2D0,Blue Bell
48D1CC,Medium turquoise
E18E96,Ruddy pink
9AB973,Olivine
3FFF00,Harlequin
A9A9A9,Dark gray
39FF14,Neon green
B19CD9,Light pastel purple
8FBC8F,Dark sea green
FF9F00,Orange peel
BF94E4,Bright lavender
F77FBE,Persian pink
FF8C69,Salmon
FF6FFF,Shocking pink (Crayola)
FF6FFF,Ultra pink
77B5FE,French sky blue
FF878D,Tulip
E9967A,Dark salmon
A4C639,Android Green
FF9933,Deep saffron
ACACAC,Silver chalice
9ACD32,Yellow-green
E68FAC,Charm pink
E68FAC,Light Thulian pink
D4AF37,Gold (metallic)
93C572,Pistachio
E1AD21,Urobilin
FFA500,Orange (web color)
CB99C9,Pastel violet
A2ADD0,Wild blue yonder
C5B358,Vegas gold
FFA700,Chrome yellow
EE82EE,Lavender magenta
EE82EE,Violet
CFB53B,Old gold
FF77FF,Fuchsia pink
FC89AC,Tickle Me Pink
BDB76B,Dark khaki
E3A857,Indian yellow
F78FA7,Pink Sherbet
73C2FB,Maya blue
FFA812,Dark tangerine
00FFEF,Turquoise blue
C2B280,Ecru
C2B280,Sand
D39BCB,Light medium orchid
E1A95F,Earth yellow
A9BA9D,Laurel green
FF9966,Atomic tangerine
FF9966,Pink-orange
C8A2C8,Lilac
8CBED6,Dark sky blue
F984E5,Pale magenta
C3B091,Khaki
FC8EAC,Flamingo pink
F28DCD,Orchid pink
00FFFF,Aqua
00FFFF,Cyan
00FFFF,Electric cyan
77DD77,Pastel green
C9A0DC,Wisteria
F984EF,Light fuchsia pink
FFA343,Neon Carrot
66DDAA,Medium aquamarine
FF91A4,Salmon pink
EF98AA,Mauvelous
99BADD,Carolina blue
F4A460,Sandy brown
66FF00,Bright green
C4AEAD,Silver pink
96C8A2,Eton blue
E5AA70,Fawn
FF91AF,Baker-Miller pink
FF91AF,Schauss pink
FFB300,UCLA Gold
DEAA88,Tumbleweed
A3C1AD,Cambridge Blue
DEA5A4,Pastel pink
D19FE8,Bright ube
E5B73B,Meat brown
FF9999,Light salmon pink
FFA07A,Light salmon
D2B48C,Tan
E79FC4,Kobi
7CFC00,Lawn green
DDA0DD,Medium lavender magenta
DDA0DD,Pale plum
DDA0DD,Plum
B2BEB5,Ash grey
FFBA00,Selective yellow
F49AC2,Pastel magenta
FFA089,Vivid tangerine
FFAE42,Yellow Orange
FBAB60,Rajah
9BC4E2,Pale cerulean
DDADAF,Pale chestnut
7FFF00,Chartreuse
87CEEB,Sky blue
FFBF00,Amber
FFBF00,Fluorescent orange
FCC200,Golden poppy
88D8C0,Pearl Aqua
FFB347,Pastel orange
DEB887,Burlywood
87CEFA,Light sky blue
89CFF0,Baby blue
BEBEBE,Gray (X11 gray)
93CCEA,Light cornflower blue
EFCC00,Yellow (Munsell)
E4D00A,Citrine
AEC6CF,Pastel blue
E6A8D7,Light orchid
C0C0C0,Silver
BFC1C2,Silver sand
FFC40C,Mikado yellow
B0C4DE,Light steel blue
80DAEB,Medium sky blue
F5C71A,Deep lemon
D1BEA8,Dark vanilla
CAE00D,Bitter lemon
F4C430,Saffron
E7ACCF,Pink pearl
A0D6B4,Turquoise green
F4CA16,Jonquil
C9C0BB,Pale silver
A1CAF1,Baby blue eyes
BDDA57,June bud
FBA0E3,Lavender rose
F8B878,Mellow apricot
FFCC00,Tangerine yellow
FFCC00,USC Gold
E6BE8A,Pale gold
FFA6C9,Carnation pink
C4C3D0,Lavender gray
F6ADC6,Nadeshiko pink
A7FC00,Spring bud
ABCDEF,Pale cornflower blue
76FF7A,Screamin' Green
96DED1,Pale robin egg blue
F1A7FE,Rich brilliant lavender
90EE90,Light green
E0B0FF,Mauve
FFD300,Yellow (NCS)
D1E231,Pear
FBAED2,Lavender pink
99E6B3,Teal deer
D8BFD8,Thistle
E6E200,Peridot
FFCC33,Sunglow
9EFD38,French lime
A8E4A0,Granny Smith Apple
ADDFAD,Moss green
B2EC5D,Inchworm
FFD700,Gold (Golden)
ECD540,Sandstorm
FFD800,School bus yellow
ACE1AF,Celadon
EFBBCC,Cameo pink
C9DC87,Medium spring bud
ADD8E6,Light blue
FFB6C1,Light pink
9BDDFF,Columbia blue
CFCFC4,Pastel gray
A4DDED,Non-photo blue
FFB7C5,Cherry blossom pink
EEE600,Titanium yellow
CEC8EF,Soap
FDBCB4,Melon
ADFF2F,Green-yellow
BFFF00,Bitter lime
BFFF00,Lime
BCD4E6,Beau blue
BCD4E6,Pale aqua
FFDF00,Golden yellow
E9D66B,Arylide yellow
E9D66B,Hansa yellow
D6CADD,Languid lavender
FFC87C,Topaz
E4D96F,Straw
EDC9AF,Desert sand
F4C2C2,Baby pink
F4C2C2,Tea rose (rose)
F0E130,Dandelion
CCCCFF,Lavender blue
CCCCFF,Periwinkle
98FB98,Pale green
B0E0E6,Powder blue
CCFF00,Electric lime
CCFF00,Fluorescent yellow
D3D3D3,Light gray
E5CCC9,Dust storm
FFBCD9,Cotton candy
F4BBFF,Brilliant lavender
F4BBFF,Electric lavender
7FFFD4,Aquamarine
FFC0CB,Pink
98FF98,Mint green
7DF9FF,Electric blue
FFC1CC,Bubble gum
ACE5EE,Blizzard Blue
FADA5E,Naples yellow
FADA5E,Royal yellow
FADA5E,Stil de grain yellow
FFCC99,Peach-orange
E8CCD7,Queen pink
FFCBA4,Deep peach
FFCBA4,Peach (Crayola)
A6E7FF,Fresh Air
FFE135,Banana yellow
FFDB58,Mustard
EEDC82,Flax
FDEE00,Aureolin
AAF0D1,Magic mint
DBD7D2,Timberwolf
F0DC82,Buff
FBCEB1,Apricot
DFFF00,Chartreuse (traditional)
FFEF00,Canary yellow
FFEF00,Yellow (process)
DCD0FF,Pale lavender
FFF000,Yellow rose
E3FF00,Lemon lime
E3DAC9,Bone
F8DE7E,Jasmine
F8DE7E,Mellow yellow
AFEEEE,Pale blue
AFEEEE,Pale turquoise
FAD6A5,Deep champagne
FAD6A5,Sunset
FAD6A5,Tuscan
DCDCDC,Gainsboro
FFF600,Cadmium yellow
A4F4F9,Waterspout
FDD5B1,Feldspar
FDD5B1,Light apricot
FBCCE7,Classic rose
FFF700,Lemon
F0E68C,Khaki (X11) (Light khaki)
F0E68C,Light khaki
F5DEB3,Wheat
FBEC5D,Corn
FBEC5D,Maize
EAE0C8,Pearl
D0F0C0,Tea green
EFDECD,Almond
FFCFF1,Shampoo
FFDAB9,Peach puff
FADFAD,Peach-yellow
F3D9DF,Vanilla ice
FFFF00,Yellow
FFDEAD,Navajo white
F3E5AB,Medium champagne
F3E5AB,Vanilla
EEE8AA,Pale goldenrod
F7E98E,Flavescent
FADADD,Pale pink
E5E4E2,Platinum
FFF44F,Lemon yellow
FFDDCA,Unbleached silk
E3F988,Midori
ECEBBD,Pale spring bud
FEFE33,Yellow (RYB)
FAE7B5,Banana Mania
FCF75E,Icterine
FFE5B4,Peach
FFFF31,Daffodil
FDDDE6,Piggy pink
FFFF33,Electric yellow
B2FFFF,Celeste
B2FFFF,Italian sky blue
E6E6FA,Lavender
E6E6FA,Lavender mist
FFE4C4,Bisque
F6EABE,Lemon meringue
F7E7CE,Champagne
FFE4CD,Lumber
E6E8FA,Glitter
F0EAD6,Eggshell
FFDDF4,Pink lace
FFE4E1,Misty rose
C9FFE5,Aero blue
FAEBD7,Antique white
FAEBD7,Moccasin
FAF0BE,Blond
FFFF66,Laser Lemon
FFFF66,Unmellow Yellow
FFEBCD,Blanched Almond
F4F0EC,Isabelline
FFEFD5,Papaya whip
FDFD96,Pastel yellow
FAF0E6,Linen
F5F5DC,Beige
F2F3F4,Anti-flash white
E9FFDB,Nyanza
F5F5F5,White smoke
FFF0F5,Lavender blush
FAFAD2,Light goldenrod yellow
FDF5E6,Old lace
E0FFFF,Light cyan
FFFACD,Lemon chiffon
F0F8FF,Alice blue
F8F4FF,Magnolia
FFF8DC,Cornsilk
FFF5EE,Seashell
E7FEFF,Bubbles
FFF8E7,Cosmic latte
FFFDD0,Cream
F8F8FF,Ghost white
F0FFF0,Honeydew
FFFAF0,Floral white
F0FFFF,Azure mist/web
F5FFFA,Mint cream
FFFFE0,Light yellow
FFFAFA,Snow
FFFFF0,Ivory
FEFEFA,Baby powder
FFFFFF,White
,
" ",
