ID,Shade,Color,Credits,R,G,B,RGB,CSS,Access,MS
1,Grey,Grey,N,84,84,84,545454,NULL,5526612,NULL
2,Grey,Grey,V,192,192,192,C0C0C0,NULL,12632256,NULL
3,Grey,grey,X,190,190,190,BEBEBE,NULL,12500670,NULL
4,Grey,LightGray,X,211,211,211,D3D3D3,NULL,13882323,NULL
5,Grey,LightSlateGrey,X,119,136,153,778899,789,10061943,1
6,Grey,SlateGray,X,112,128,144,708090,NULL,9470064,1
7,Grey,SlateGray1,X,198,226,255,C6E2FF,NULL,16769734,NULL
8,Grey,SlateGray2,X,185,211,238,B9D3EE,NULL,15651769,NULL
9,Grey,SlateGray3,X,159,182,205,9FB6CD,NULL,13481631,NULL
10,Grey,SlateGray4,X,108,123,139,6C7B8B,NULL,9141100,NULL
11,Grey,black,"N,V,X",0,0,0,000000,000,0,1
12,Grey,grey0,X,0,0,0,000000,000,0,NULL
13,Grey,grey1,X,3,3,3,030303,NULL,197379,NULL
14,Grey,grey2,X,5,5,5,050505,NULL,328965,NULL
15,Grey,grey3,X,8,8,8,080808,NULL,526344,NULL
16,Grey,grey4,X,10,10,10,0A0A0A,NULL,657930,NULL
17,Grey,grey5,X,13,13,13,0D0D0D,NULL,855309,NULL
18,Grey,grey6,X,15,15,15,0F0F0F,NULL,986895,NULL
19,Grey,grey7,X,18,18,18,121212,NULL,1184274,NULL
20,Grey,grey8,X,20,20,20,141414,NULL,1315860,NULL
21,Grey,grey9,X,23,23,23,171717,NULL,1513239,NULL
22,Grey,grey10,X,26,26,26,1A1A1A,NULL,1710618,NULL
23,Grey,grey11,X,28,28,28,1C1C1C,NULL,1842204,NULL
24,Grey,grey12,X,31,31,31,1F1F1F,NULL,2039583,NULL
25,Grey,grey13,X,33,33,33,212121,NULL,2171169,NULL
26,Grey,NULL," ",34,34,34,222222,222,2236962,NULL
27,Grey,grey14,X,36,36,36,242424,NULL,2368548,NULL
28,Grey,grey15,X,38,38,38,262626,NULL,2500134,NULL
29,Grey,grey16,X,41,41,41,292929,NULL,2697513,NULL
30,Grey,grey17,X,43,43,43,2B2B2B,NULL,2829099,NULL
31,Grey,grey18,X,46,46,46,2E2E2E,NULL,3026478,NULL
32,Grey,grey19,X,48,48,48,303030,NULL,3158064,NULL
33,Grey,grey20,X,51,51,51,333333,333,3355443,NULL
34,Grey,grey21,X,54,54,54,363636,NULL,3552822,NULL
35,Grey,grey22,X,56,56,56,383838,NULL,3684408,NULL
36,Grey,grey23,X,59,59,59,3B3B3B,NULL,3881787,NULL
37,Grey,grey24,X,61,61,61,3D3D3D,NULL,4013373,NULL
38,Grey,grey25,X,64,64,64,404040,NULL,4210752,NULL
39,Grey,grey26,X,66,66,66,424242,NULL,4342338,NULL
40,Grey,grey27,X,69,69,69,454545,NULL,4539717,NULL
41,Grey,grey28,X,71,71,71,474747,NULL,4671303,NULL
42,Grey,grey29,X,74,74,74,4A4A4A,NULL,4868682,NULL
43,Grey,grey30,X,77,77,77,4D4D4D,NULL,5066061,NULL
44,Grey,grey31,X,79,79,79,4F4F4F,NULL,5197647,NULL
45,Grey,grey32,X,82,82,82,525252,NULL,5395026,NULL
46,Grey,grey33,X,84,84,84,545454,NULL,5526612,NULL
47,Grey,NULL," ",85,85,85,555555,555,5592405,NULL
48,Grey,grey34,X,87,87,87,575757,NULL,5723991,NULL
49,Grey,grey35,X,89,89,89,595959,NULL,5855577,NULL
50,Grey,grey36,X,92,92,92,5C5C5C,NULL,6052956,NULL
51,Grey,grey37,X,94,94,94,5E5E5E,NULL,6184542,NULL
52,Grey,grey38,X,97,97,97,616161,NULL,6381921,NULL
53,Grey,grey39,X,99,99,99,636363,NULL,6513507,NULL
54,Grey,grey40,X,102,102,102,666666,666,6710886,NULL
55,Grey,grey41,X,105,105,105,696969,NULL,6908265,NULL
56,Grey,grey42,X,107,107,107,6B6B6B,NULL,7039851,NULL
57,Grey,grey43,X,110,110,110,6E6E6E,NULL,7237230,NULL
58,Grey,grey44,X,112,112,112,707070,NULL,7368816,NULL
59,Grey,grey45,X,115,115,115,737373,NULL,7566195,NULL
60,Grey,grey46,X,117,117,117,757575,NULL,7697781,NULL
61,Grey,NULL," ",119,119,119,777777,777,7829367,NULL
62,Grey,grey47,X,120,120,120,787878,NULL,7895160,NULL
63,Grey,grey48,X,122,122,122,7A7A7A,NULL,8026746,NULL
64,Grey,grey49,X,125,125,125,7D7D7D,NULL,8224125,NULL
65,Grey,grey50,X,127,127,127,7F7F7F,NULL,8355711,NULL
66,Grey,grey51,X,130,130,130,828282,NULL,8553090,NULL
67,Grey,grey52,X,133,133,133,858585,NULL,8750469,NULL
68,Grey,grey53,X,135,135,135,878787,NULL,8882055,NULL
69,Grey,NULL," ",136,136,136,888888,888,8947848,NULL
70,Grey,grey54,X,138,138,138,8A8A8A,NULL,9079434,NULL
71,Grey,grey55,X,140,140,140,8C8C8C,NULL,9211020,NULL
72,Grey,grey56,X,143,143,143,8F8F8F,NULL,9408399,NULL
73,Grey,grey57,X,145,145,145,919191,NULL,9539985,NULL
74,Grey,grey58,X,148,148,148,949494,NULL,9737364,NULL
75,Grey,grey59,X,150,150,150,969696,NULL,9868950,NULL
76,Grey,grey60,X,153,153,153,999999,999,10066329,NULL
77,Grey,grey61,X,156,156,156,9C9C9C,NULL,10263708,NULL
78,Grey,grey62,X,158,158,158,9E9E9E,NULL,10395294,NULL
79,Grey,grey63,X,161,161,161,A1A1A1,NULL,10592673,NULL
80,Grey,grey64,X,163,163,163,A3A3A3,NULL,10724259,NULL
81,Grey,grey65,X,166,166,166,A6A6A6,NULL,10921638,NULL
82,Grey,grey66,X,168,168,168,A8A8A8,NULL,11053224,NULL
83,Grey,grey67,X,171,171,171,ABABAB,NULL,11250603,NULL
84,Grey,grey68,X,173,173,173,ADADAD,NULL,11382189,NULL
85,Grey,grey69,X,176,176,176,B0B0B0,NULL,11579568,NULL
86,Grey,grey70,X,179,179,179,B3B3B3,NULL,11776947,NULL
87,Grey,grey71,X,181,181,181,B5B5B5,NULL,11908533,NULL
88,Grey,grey72,X,184,184,184,B8B8B8,NULL,12105912,NULL
89,Grey,NULL," ",187,187,187,BBBBBB,bbb,12303291,NULL
90,Grey,grey73,X,186,186,186,BABABA,NULL,12237498,NULL
91,Grey,grey74,X,189,189,189,BDBDBD,NULL,12434877,NULL
92,Grey,grey75,X,191,191,191,BFBFBF,NULL,12566463,NULL
93,Grey,grey76,X,194,194,194,C2C2C2,NULL,12763842,NULL
94,Grey,grey77,X,196,196,196,C4C4C4,NULL,12895428,NULL
95,Grey,grey78,X,199,199,199,C7C7C7,NULL,13092807,NULL
96,Grey,grey79,X,201,201,201,C9C9C9,NULL,13224393,NULL
97,Grey,grey80,X,204,204,204,CCCCCC,ccc,13421772,NULL
98,Grey,grey81,X,207,207,207,CFCFCF,NULL,13619151,NULL
99,Grey,grey82,X,209,209,209,D1D1D1,NULL,13750737,NULL
100,Grey,grey83,X,212,212,212,D4D4D4,NULL,13948116,NULL
101,Grey,grey84,X,214,214,214,D6D6D6,NULL,14079702,NULL
102,Grey,grey85,X,217,217,217,D9D9D9,NULL,14277081,NULL
103,Grey,grey86,X,219,219,219,DBDBDB,NULL,14408667,NULL
104,Grey,grey87,X,222,222,222,DEDEDE,NULL,14606046,NULL
105,Grey,NULL," ",221,221,221,DDDDDD,ddd,14540253,NULL
106,Grey,grey88,X,224,224,224,E0E0E0,NULL,14737632,NULL
107,Grey,grey89,X,227,227,227,E3E3E3,NULL,14935011,NULL
108,Grey,grey90,X,229,229,229,E5E5E5,NULL,15066597,NULL
109,Grey,grey91,X,232,232,232,E8E8E8,NULL,15263976,NULL
110,Grey,grey92,X,235,235,235,EBEBEB,NULL,15461355,NULL
111,Grey,grey93,X,237,237,237,EDEDED,NULL,15592941,NULL
112,Grey,NULL," ",238,238,238,EEEEEE,eee,15658734,NULL
113,Grey,grey94,X,240,240,240,F0F0F0,NULL,15790320,NULL
114,Grey,grey95,X,242,242,242,F2F2F2,NULL,15921906,NULL
115,Grey,grey96,X,245,245,245,F5F5F5,NULL,16119285,NULL
116,Grey,grey97,X,247,247,247,F7F7F7,NULL,16250871,NULL
117,Grey,grey98,X,250,250,250,FAFAFA,NULL,16448250,NULL
118,Grey,grey99,X,252,252,252,FCFCFC,NULL,16579836,NULL
119,Grey,grey100,X,255,255,255,FFFFFF,fff,16777215,NULL
120,Grey,Dark Slate Grey,N,47,79,79,2F4F4F,NULL,5197615,NULL
121,Grey,Dim Grey,N,84,84,84,545454,NULL,5526612,NULL
122,Grey,Very Light Grey,N,205,205,205,CDCDCD,NULL,13487565,NULL
123,Grey,Free Speech Grey,F,99,86,136,635688,NULL,8935011,NULL
124,Blue,AliceBlue,X,240,248,255,F0F8FF,NULL,16775408,1
125,Blue,BlueViolet,X,138,43,226,8A2BE2,NULL,14822282,1
126,Blue,Cadet Blue,N,95,159,159,5F9F9F,NULL,10461023,NULL
127,Blue,CadetBlue,X,95,158,160,5F9EA0,NULL,10526303,1
128,Blue,CadetBlue,X,95,158,160,5F9EA0,NULL,10526303,1
129,Blue,CadetBlue1,X,152,245,255,98F5FF,NULL,16774552,NULL
130,Blue,CadetBlue2,X,142,229,238,8EE5EE,NULL,15656334,NULL
131,Blue,CadetBlue3,X,122,197,205,7AC5CD,NULL,13485434,NULL
132,Blue,CadetBlue4,X,83,134,139,53868B,NULL,9143891,NULL
133,Blue,Corn Flower Blue,N,66,66,111,42426F,NULL,7291458,NULL
134,Blue,CornflowerBlue,X,100,149,237,6495ED,NULL,15570276,1
135,Blue,DarkSlateBlue,X,72,61,139,483D8B,NULL,9125192,1
136,Blue,DarkTurquoise,X,0,206,209,00CED1,NULL,13749760,1
137,Blue,DeepSkyBlue,X,0,191,255,00BFFF,NULL,16760576,1
138,Blue,DeepSkyBlue1,X,0,191,255,00BFFF,NULL,16760576,NULL
139,Blue,DeepSkyBlue2,X,0,178,238,00B2EE,NULL,15643136,NULL
140,Blue,DeepSkyBlue3,X,0,154,205,009ACD,NULL,13474304,NULL
141,Blue,DeepSkyBlue4,X,0,104,139,00688B,NULL,9136128,NULL
142,Blue,DodgerBlue,X,30,144,255,1E90FF,NULL,16748574,1
143,Blue,DodgerBlue1,X,30,144,255,1E90FF,NULL,16748574,NULL
144,Blue,DodgerBlue2,X,28,134,238,1C86EE,NULL,15631900,NULL
145,Blue,DodgerBlue3,X,24,116,205,1874CD,NULL,13464600,NULL
146,Blue,DodgerBlue4,X,16,78,139,104E8B,NULL,9129488,NULL
147,Blue,NULL," ",170,187,204,AABBCC,abc,13417386,NULL
148,Blue,LightBlue,X,173,216,230,ADD8E6,NULL,15128749,1
149,Blue,LightBlue1,X,191,239,255,BFEFFF,NULL,16773055,NULL
150,Blue,LightBlue2,X,178,223,238,B2DFEE,NULL,15654834,NULL
151,Blue,LightBlue3,X,154,192,205,9AC0CD,NULL,13484186,NULL
152,Blue,LightBlue4,X,104,131,139,68838B,NULL,9143144,NULL
153,Blue,LightCyan,X,224,255,255,E0FFFF,NULL,16777184,1
154,Blue,LightCyan1,X,224,255,255,E0FFFF,NULL,16777184,NULL
155,Blue,LightCyan2,X,209,238,238,D1EEEE,NULL,15658705,NULL
156,Blue,LightCyan3,X,180,205,205,B4CDCD,NULL,13487540,NULL
157,Blue,LightCyan4,X,122,139,139,7A8B8B,NULL,9145210,NULL
158,Blue,LightSkyBlue,X,135,206,250,87CEFA,NULL,16436871,1
159,Blue,LightSkyBlue1,X,176,226,255,B0E2FF,NULL,16769712,NULL
160,Blue,LightSkyBlue2,X,164,211,238,A4D3EE,NULL,15651748,NULL
161,Blue,LightSkyBlue3,X,141,182,205,8DB6CD,NULL,13481613,NULL
162,Blue,LightSkyBlue4,X,96,123,139,607B8B,NULL,9141088,NULL
163,Blue,LightSlateBlue,X,132,112,255,8470FF,NULL,16740484,NULL
164,Blue,NULL," ",153,204,255,99CCFF,9cf,16764057,NULL
165,Blue,LightSteelBlue,X,176,196,222,B0C4DE,NULL,14599344,1
166,Blue,LightSteelBlue1,X,202,225,255,CAE1FF,NULL,16769482,NULL
167,Blue,LightSteelBlue2,X,188,210,238,BCD2EE,NULL,15651516,NULL
168,Blue,LightSteelBlue3,X,162,181,205,A2B5CD,NULL,13481378,NULL
169,Blue,LightSteelBlue4,X,110,123,139,6E7B8B,NULL,9141102,NULL
170,Blue,Aquamarine,N,112,219,147,70DB93,NULL,9689968,NULL
171,Blue,MediumBlue,X,0,0,205,0000CD,NULL,13434880,1
172,Blue,MediumSlateBlue,X,123,104,238,7B68EE,NULL,15624315,1
173,Blue,MediumTurquoise,X,72,209,204,48D1CC,NULL,13422920,1
174,Blue,MidnightBlue,X,25,25,112,191970,NULL,7346457,1
175,Blue,NavyBlue,X,0,0,128,000080,NULL,8388608,NULL
176,Blue,PaleTurquoise,X,175,238,238,AFEEEE,NULL,15658671,1
177,Blue,PaleTurquoise1,X,187,255,255,BBFFFF,bff,16777147,NULL
178,Blue,PaleTurquoise2,X,174,238,238,AEEEEE,NULL,15658670,NULL
179,Blue,PaleTurquoise3,X,150,205,205,96CDCD,NULL,13487510,NULL
180,Blue,PaleTurquoise4,X,102,139,139,668B8B,NULL,9145190,NULL
181,Blue,PowderBlue,X,176,224,230,B0E0E6,NULL,15130800,1
182,Blue,RoyalBlue,X,65,105,225,4169E1,NULL,14772545,1
183,Blue,RoyalBlue1,X,72,118,255,4876FF,NULL,16741960,NULL
184,Blue,RoyalBlue2,X,67,110,238,436EEE,NULL,15625795,NULL
185,Blue,RoyalBlue3,X,58,95,205,3A5FCD,NULL,13459258,NULL
186,Blue,RoyalBlue4,X,39,64,139,27408B,NULL,9125927,NULL
187,Blue,RoyalBlue5,X,0,34,102,002266,026,6693376,NULL
188,Blue,SkyBlue,X,135,206,235,87CEEB,NULL,15453831,1
189,Blue,SkyBlue1,X,135,206,255,87CEFF,NULL,16764551,NULL
190,Blue,SkyBlue2,X,126,192,238,7EC0EE,NULL,15646846,NULL
191,Blue,SkyBlue3,X,108,166,205,6CA6CD,NULL,13477484,NULL
192,Blue,SkyBlue4,X,74,112,139,4A708B,NULL,9138250,NULL
193,Blue,SlateBlue,X,106,90,205,6A5ACD,NULL,13458026,1
194,Blue,SlateBlue1,X,131,111,255,836FFF,NULL,16740227,NULL
195,Blue,SlateBlue2,X,122,103,238,7A67EE,NULL,15624058,NULL
196,Blue,SlateBlue3,X,105,89,205,6959CD,NULL,13457769,NULL
197,Blue,SlateBlue4,X,71,60,139,473C8B,NULL,9124935,NULL
198,Blue,SteelBlue,X,70,130,180,4682B4,NULL,11829830,1
199,Blue,SteelBlue1,X,99,184,255,63B8FF,NULL,16758883,NULL
200,Blue,SteelBlue2,X,92,172,238,5CACEE,NULL,15641692,NULL
201,Blue,SteelBlue3,X,79,148,205,4F94CD,NULL,13472847,NULL
202,Blue,SteelBlue4,X,54,100,139,36648B,NULL,9135158,NULL
203,Blue,NULL," ",51,102,153,336699,369,10053171,NULL
204,Blue,NULL," ",51,153,204,3399CC,39c,13408563,NULL
205,Blue,NULL," ",102,153,204,6699CC,69c,13408614,NULL
206,Blue,aquamarine,X,127,255,212,7FFFD4,NULL,13959039,1
207,Blue,aquamarine1,X,127,255,212,7FFFD4,NULL,13959039,NULL
208,Blue,aquamarine2,X,118,238,198,76EEC6,NULL,13037174,NULL
209,Blue,aquamarine3,X,102,205,170,66CDAA,NULL,11193702,NULL
210,Blue,aquamarine4,X,69,139,116,458B74,NULL,7637829,NULL
211,Blue,azure,X,240,255,255,F0FFFF,NULL,16777200,1
212,Blue,azure1,X,240,255,255,F0FFFF,NULL,16777200,NULL
213,Blue,azure2,X,224,238,238,E0EEEE,NULL,15658720,NULL
214,Blue,azure3,X,193,205,205,C1CDCD,NULL,13487553,NULL
215,Blue,azure4,X,131,139,139,838B8B,NULL,9145219,NULL
216,Blue,blue,"N,V,X",0,0,255,0000FF,00f,16711680,1
217,Blue,blue1,X,0,0,255,0000FF,00f,16711680,NULL
218,Blue,blue2,X,0,0,238,0000EE,00e,15597568,NULL
219,Blue,blue3,X,0,0,205,0000CD,NULL,13434880,NULL
220,Blue,blue4,X,0,0,139,00008B,NULL,9109504,NULL
221,Blue,aqua,V,0,255,255,00FFFF,0ff,16776960,1
222,Blue,True Iris Blue," ",3,180,204,03B4CC,NULL,13415427,NULL
223,Blue,cyan,"N,X",0,255,255,00FFFF,0ff,16776960,1
224,Blue,cyan1,X,0,255,255,00FFFF,0ff,16776960,NULL
225,Blue,cyan2,X,0,238,238,00EEEE,0ee,15658496,NULL
226,Blue,cyan3,X,0,205,205,00CDCD,NULL,13487360,NULL
227,Blue,cyan4,X,0,139,139,008B8B,NULL,9145088,NULL
228,Blue,navy,"V,X",0,0,128,000080,NULL,8388608,1
229,Blue,teal,V,0,128,128,008080,NULL,8421376,1
230,Blue,turquoise,X,64,224,208,40E0D0,NULL,13688896,1
231,Blue,turquoise1,X,0,245,255,00F5FF,NULL,16774400,NULL
232,Blue,turquoise2,X,0,229,238,00E5EE,NULL,15656192,NULL
233,Blue,turquoise3,X,0,197,205,00C5CD,NULL,13485312,NULL
234,Blue,turquoise4,X,0,134,139,00868B,NULL,9143808,NULL
235,Blue,DarkSlateGray,X,47,79,79,2F4F4F,NULL,5197615,1
236,Blue,DarkSlateGray1,X,151,255,255,97FFFF,NULL,16777111,NULL
237,Blue,DarkSlateGray2,X,141,238,238,8DEEEE,NULL,15658637,NULL
238,Blue,DarkSlateGray3,X,121,205,205,79CDCD,NULL,13487481,NULL
239,Blue,DarkSlateGray4,X,82,139,139,528B8B,NULL,9145170,NULL
240,Blue,Dark Slate Blue,N,36,24,130,241882,NULL,8525860,NULL
241,Blue,Dark Turquoise,N,112,147,219,7093DB,NULL,14390128,NULL
242,Blue,Medium Slate Blue,N,127,0,255,7F00FF,NULL,16711807,NULL
243,Blue,Medium Turquoise,N,112,219,219,70DBDB,NULL,14408560,NULL
244,Blue,Midnight Blue,N,47,47,79,2F2F4F,NULL,5189423,NULL
245,Blue,Navy Blue,N,35,35,142,23238E,NULL,9315107,NULL
246,Blue,Neon Blue,N,77,77,255,4D4DFF,NULL,16731469,NULL
247,Blue,New Midnight Blue,N,0,0,156,00009C,NULL,10223616,NULL
248,Blue,Rich Blue,N,89,89,171,5959AB,NULL,11229529,NULL
249,Blue,Sky Blue,N,50,153,204,3299CC,NULL,13408562,NULL
250,Blue,Slate Blue,N,0,127,255,007FFF,NULL,16744192,NULL
251,Blue,Summer Sky,N,56,176,222,38B0DE,NULL,14594104,NULL
252,Blue,Iris Blue," ",3,180,200,03B4C8,NULL,13153283,NULL
253,Blue,Free Speech Blue,F,65,86,197,4156C5,NULL,12932673,NULL
254,Brown,RosyBrown,X,188,143,143,BC8F8F,NULL,9408444,1
255,Brown,RosyBrown1,X,255,193,193,FFC1C1,NULL,12698111,NULL
256,Brown,RosyBrown2,X,238,180,180,EEB4B4,NULL,11842798,NULL
257,Brown,RosyBrown3,X,205,155,155,CD9B9B,NULL,10197965,NULL
258,Brown,RosyBrown4,X,139,105,105,8B6969,NULL,6908299,NULL
259,Brown,SaddleBrown,X,139,69,19,8B4513,NULL,1262987,1
260,Brown,SandyBrown,X,244,164,96,F4A460,NULL,6333684,1
261,Brown,beige,X,245,245,220,F5F5DC,NULL,14480885,1
262,Brown,brown,X,165,42,42,A52A2A,NULL,2763429,1
263,Brown,brown,N,166,42,42,A62A2A,NULL,2763430,NULL
264,Brown,brown1,X,255,64,64,FF4040,NULL,4210943,NULL
265,Brown,brown2,X,238,59,59,EE3B3B,NULL,3881966,NULL
266,Brown,brown3,X,205,51,51,CD3333,NULL,3355597,NULL
267,Brown,brown4,X,139,35,35,8B2323,NULL,2302859,NULL
268,Brown,dark brown,N,92,64,51,5C4033,NULL,3358812,NULL
269,Brown,burlywood,X,222,184,135,DEB887,NULL,8894686,1
270,Brown,burlywood1,X,255,211,155,FFD39B,NULL,10212351,NULL
271,Brown,burlywood2,X,238,197,145,EEC591,NULL,9553390,NULL
272,Brown,burlywood3,X,205,170,125,CDAA7D,NULL,8235725,NULL
273,Brown,burlywood4,X,139,115,85,8B7355,NULL,5600139,NULL
274,Brown,baker's chocolate,N,92,51,23,5C3317,NULL,1520476,NULL
275,Brown,chocolate,X,210,105,30,D2691E,NULL,1993170,1
276,Brown,chocolate1,X,255,127,36,FF7F24,NULL,2392063,NULL
277,Brown,chocolate2,X,238,118,33,EE7621,NULL,2193134,NULL
278,Brown,chocolate3,X,205,102,29,CD661D,NULL,1926861,NULL
279,Brown,chocolate4,X,139,69,19,8B4513,NULL,1262987,NULL
280,Brown,peru,X,205,133,63,CD853F,NULL,4163021,1
281,Brown,tan,X,210,180,140,D2B48C,NULL,9221330,1
282,Brown,tan1,X,255,165,79,FFA54F,NULL,5219839,NULL
283,Brown,tan2,X,238,154,73,EE9A49,NULL,4823790,NULL
284,Brown,tan3,X,205,133,63,CD853F,NULL,4163021,NULL
285,Brown,tan4,X,139,90,43,8B5A2B,NULL,2841227,NULL
286,Brown,Dark Tan,N,151,105,79,97694F,NULL,5204375,NULL
287,Brown,Dark Wood,N,133,94,66,855E42,NULL,4349573,NULL
288,Brown,Light Wood,N,133,99,99,856363,NULL,6513541,NULL
289,Brown,Medium Wood,N,166,128,100,A68064,NULL,6586534,NULL
290,Brown,New Tan,N,235,199,158,EBC79E,NULL,10405867,NULL
291,Brown,Semi-Sweet Chocolate,N,107,66,38,6B4226,NULL,2507371,NULL
292,Brown,Sienna,N,142,107,35,8E6B23,NULL,2321294,NULL
293,Brown,Tan,N,219,147,112,DB9370,NULL,7377883,NULL
294,Brown,Very Dark Brown,N,92,64,51,5C4033,NULL,3358812,NULL
295,Green,Dark Green,N,47,79,47,2F4F2F,NULL,3100463,NULL
296,Green,DarkGreen,X,0,100,0,006400,NULL,25600,1
297,Green,dark green copper,N,74,118,110,4A766E,NULL,7239242,NULL
298,Green,DarkKhaki,X,189,183,107,BDB76B,NULL,7059389,1
299,Green,DarkOliveGreen,X,85,107,47,556B2F,NULL,3107669,1
300,Green,DarkOliveGreen1,X,202,255,112,CAFF70,NULL,7405514,NULL
301,Green,DarkOliveGreen2,X,188,238,104,BCEE68,NULL,6876860,NULL
302,Green,DarkOliveGreen3,X,162,205,90,A2CD5A,NULL,5950882,NULL
303,Green,DarkOliveGreen4,X,110,139,61,6E8B3D,NULL,4033390,NULL
304,Green,olive,V,128,128,0,808000,NULL,32896,1
305,Green,DarkSeaGreen,X,143,188,143,8FBC8F,NULL,9419919,1
306,Green,DarkSeaGreen1,X,193,255,193,C1FFC1,NULL,12713921,NULL
307,Green,DarkSeaGreen2,X,180,238,180,B4EEB4,NULL,11857588,NULL
308,Green,DarkSeaGreen3,X,155,205,155,9BCD9B,NULL,10210715,NULL
309,Green,DarkSeaGreen4,X,105,139,105,698B69,NULL,6916969,NULL
310,Green,ForestGreen,X,34,139,34,228B22,NULL,2263842,1
311,Green,GreenYellow,X,173,255,47,ADFF2F,NULL,3145645,1
312,Green,LawnGreen,X,124,252,0,7CFC00,NULL,64636,1
313,Green,LightSeaGreen,X,32,178,170,20B2AA,NULL,11186720,1
314,Green,LimeGreen,X,50,205,50,32CD32,NULL,3329330,1
315,Green,MediumSeaGreen,X,60,179,113,3CB371,NULL,7451452,1
316,Green,MediumSpringGreen,X,0,250,154,00FA9A,NULL,10156544,1
317,Green,MintCream,X,245,255,250,F5FFFA,NULL,16449525,1
318,Green,OliveDrab,X,107,142,35,6B8E23,NULL,2330219,1
319,Green,OliveDrab1,X,192,255,62,C0FF3E,NULL,4128704,NULL
320,Green,OliveDrab2,X,179,238,58,B3EE3A,NULL,3862195,NULL
321,Green,OliveDrab3,X,154,205,50,9ACD32,NULL,3329434,NULL
322,Green,OliveDrab4,X,105,139,34,698B22,NULL,2263913,NULL
323,Green,PaleGreen,X,152,251,152,98FB98,NULL,10025880,1
324,Green,PaleGreen1,X,154,255,154,9AFF9A,NULL,10157978,NULL
325,Green,PaleGreen2,X,144,238,144,90EE90,NULL,9498256,NULL
326,Green,PaleGreen3,X,124,205,124,7CCD7C,NULL,8179068,NULL
327,Green,PaleGreen4,X,84,139,84,548B54,NULL,5540692,NULL
328,Green,SeaGreen,X,46,139,87,2E8B57,NULL,5737262,1
329,Green,SeaGreen1,X,84,255,159,54FF9F,NULL,10485588,NULL
330,Green,SeaGreen2,X,78,238,148,4EEE94,NULL,9760334,NULL
331,Green,SeaGreen3,X,67,205,128,43CD80,NULL,8441155,NULL
332,Green,SpringGreen,X,0,255,127,00FF7F,NULL,8388352,1
333,Green,SpringGreen1,X,0,255,127,00FF7F,NULL,8388352,NULL
334,Green,SpringGreen2,X,0,238,118,00EE76,NULL,7794176,NULL
335,Green,SpringGreen3,X,0,205,102,00CD66,NULL,6737152,NULL
336,Green,SpringGreen4,X,0,139,69,008B45,NULL,4557568,NULL
337,Green,YellowGreen,X,154,205,50,9ACD32,NULL,3329434,1
338,Green,chartreuse,X,127,255,0,7FFF00,NULL,65407,1
339,Green,chartreuse1,X,127,255,0,7FFF00,NULL,65407,NULL
340,Green,chartreuse2,X,118,238,0,76EE00,NULL,61046,NULL
341,Green,chartreuse3,X,102,205,0,66CD00,NULL,52582,NULL
342,Green,chartreuse4,X,69,139,0,458B00,NULL,35653,NULL
343,Green,green,"N,X",0,255,0,00FF00,0f0,65280,NULL
344,Green,green,V,0,128,0,008000,NULL,32768,1
345,Green,lime,V,0,255,0,00FF00,0f0,65280,1
346,Green,green1,X,0,255,0,00FF00,0f0,65280,NULL
347,Green,green2,X,0,238,0,00EE00,0e0,60928,NULL
348,Green,green3,X,0,205,0,00CD00,NULL,52480,NULL
349,Green,green4,X,0,139,0,008B00,NULL,35584,NULL
350,Green,khaki,X,240,230,140,F0E68C,NULL,9234160,1
351,Green,khaki1,X,255,246,143,FFF68F,NULL,9434879,NULL
352,Green,khaki2,X,238,230,133,EEE685,NULL,8775406,NULL
353,Green,khaki3,X,205,198,115,CDC673,NULL,7587533,NULL
354,Green,khaki4,X,139,134,78,8B864E,NULL,5146251,NULL
355,Green,Dark Olive Green,N,79,79,47,4F4F2F,NULL,3100495,NULL
356,Green,Green Yellow [sic],N,209,146,117,D19275,NULL,7705297,NULL
357,Green,Hunter Green [sic],N,142,35,35,8E2323,NULL,2302862,NULL
358,Green,Forest Green,N,35,142,35,238E23,NULL,2330147,NULL
359,Green,Medium Forest Green,N,219,219,112,DBDB70,NULL,7396315,NULL
360,Green,Medium Sea Green,N,66,111,66,426F42,NULL,4353858,NULL
361,Green,Medium Spring Green,N,127,255,0,7FFF00,NULL,65407,NULL
362,Green,Pale Green,N,143,188,143,8FBC8F,NULL,9419919,NULL
363,Green,Sea Green,N,35,142,104,238E68,NULL,6852131,NULL
364,Green,Spring Green,N,0,255,127,00FF7F,NULL,8388352,NULL
365,Green,Free Speech Green,F,9,249,17,09F911,NULL,1177865,NULL
366,Green,Free Speech Aquamarine,F,2,157,116,029D74,NULL,7642370,NULL
367,Orange,DarkOrange,X,255,140,0,FF8C00,NULL,36095,1
368,Orange,DarkOrange1,X,255,127,0,FF7F00,NULL,32767,NULL
369,Orange,DarkOrange2,X,238,118,0,EE7600,NULL,30446,NULL
370,Orange,DarkOrange3,X,205,102,0,CD6600,NULL,26317,NULL
371,Orange,DarkOrange4,X,139,69,0,8B4500,NULL,17803,NULL
372,Orange,DarkSalmon,X,233,150,122,E9967A,NULL,8034025,1
373,Orange,LightCoral,X,240,128,128,F08080,NULL,8421616,1
374,Orange,LightSalmon,X,255,160,122,FFA07A,NULL,8036607,1
375,Orange,LightSalmon1,X,255,160,122,FFA07A,NULL,8036607,NULL
376,Orange,LightSalmon2,X,238,149,114,EE9572,NULL,7509486,NULL
377,Orange,LightSalmon3,X,205,129,98,CD8162,NULL,6455757,NULL
378,Orange,LightSalmon4,X,139,87,66,8B5742,NULL,4347787,NULL
379,Orange,PeachPuff,X,255,218,185,FFDAB9,NULL,12180223,1
380,Orange,PeachPuff1,X,255,218,185,FFDAB9,NULL,12180223,NULL
381,Orange,PeachPuff2,X,238,203,173,EECBAD,NULL,11389934,NULL
382,Orange,PeachPuff3,X,205,175,149,CDAF95,NULL,9809869,NULL
383,Orange,PeachPuff4,X,139,119,101,8B7765,NULL,6649739,NULL
384,Orange,bisque,X,255,228,196,FFE4C4,NULL,12903679,1
385,Orange,bisque1,X,255,228,196,FFE4C4,NULL,12903679,NULL
386,Orange,bisque2,X,238,213,183,EED5B7,NULL,12047854,NULL
387,Orange,bisque3,X,205,183,158,CDB79E,NULL,10401741,NULL
388,Orange,bisque4,X,139,125,107,8B7D6B,NULL,7044491,NULL
389,Orange,coral,N,255,127,0,FF7F00,NULL,32767,NULL
390,Orange,coral,X,255,127,80,FF7F50,NULL,5275647,1
391,Orange,coral1,X,255,114,86,FF7256,NULL,5665535,NULL
392,Orange,coral2,X,238,106,80,EE6A50,NULL,5270254,NULL
393,Orange,coral3,X,205,91,69,CD5B45,NULL,4545485,NULL
394,Orange,coral4,X,139,62,47,8B3E2F,NULL,3096203,NULL
395,Orange,honeydew,X,240,255,240,F0FFF0,NULL,15794160,1
396,Orange,honeydew1,X,240,255,240,F0FFF0,NULL,15794160,NULL
397,Orange,honeydew2,X,224,238,224,E0EEE0,NULL,14741216,NULL
398,Orange,honeydew3,X,193,205,193,C1CDC1,NULL,12701121,NULL
399,Orange,honeydew4,X,131,139,131,838B83,NULL,8620931,NULL
400,Orange,orange,X,255,165,0,FFA500,NULL,42495,1
401,Orange,orange1,X,255,165,0,FFA500,NULL,42495,NULL
402,Orange,orange2,X,238,154,0,EE9A00,NULL,39662,NULL
403,Orange,orange3,X,205,133,0,CD8500,NULL,34253,NULL
404,Orange,orange4,X,139,90,0,8B5A00,NULL,23179,NULL
405,Orange,salmon,X,250,128,114,FA8072,NULL,7504122,1
406,Orange,salmon1,X,255,140,105,FF8C69,NULL,6917375,NULL
407,Orange,salmon2,X,238,130,98,EE8262,NULL,6456046,NULL
408,Orange,salmon3,X,205,112,84,CD7054,NULL,5533901,NULL
409,Orange,salmon4,X,139,76,57,8B4C39,NULL,3755147,NULL
410,Orange,sienna,X,160,82,45,A0522D,NULL,2970272,1
411,Orange,sienna1,X,255,130,71,FF8247,NULL,4686591,NULL
412,Orange,sienna2,X,238,121,66,EE7942,NULL,4356590,NULL
413,Orange,sienna3,X,205,104,57,CD6839,NULL,3762381,NULL
414,Orange,sienna4,X,139,71,38,8B4726,NULL,2508683,NULL
415,Orange,Mandarian Orange,N,142,35,35,8E2323,NULL,2302862,NULL
416,Orange,Orange,N,255,127,0,FF7F00,NULL,32767,NULL
417,Orange,Orange Red,N,255,36,0,FF2400,NULL,9471,NULL
418,Red,DeepPink,X,255,20,147,FF1493,NULL,9639167,1
419,Red,DeepPink1,X,255,20,147,FF1493,NULL,9639167,NULL
420,Red,DeepPink2,X,238,18,137,EE1289,NULL,8983278,NULL
421,Red,DeepPink3,X,205,16,118,CD1076,NULL,7737549,NULL
422,Red,DeepPink4,X,139,10,80,8B0A50,NULL,5245579,NULL
423,Red,HotPink,X,255,105,180,FF69B4,NULL,11823615,1
424,Red,HotPink1,X,255,110,180,FF6EB4,NULL,11824895,NULL
425,Red,HotPink2,X,238,106,167,EE6AA7,NULL,10971886,NULL
426,Red,HotPink3,X,205,96,144,CD6090,NULL,9461965,NULL
427,Red,HotPink4,X,139,58,98,8B3A62,NULL,6437515,NULL
428,Red,IndianRed,X,205,92,92,CD5C5C,NULL,6053069,1
429,Red,IndianRed1,X,255,106,106,FF6A6A,NULL,6974207,NULL
430,Red,IndianRed2,X,238,99,99,EE6363,NULL,6513646,NULL
431,Red,IndianRed3,X,205,85,85,CD5555,NULL,5592525,NULL
432,Red,IndianRed4,X,139,58,58,8B3A3A,NULL,3816075,NULL
433,Red,LightPink,X,255,182,193,FFB6C1,NULL,12695295,1
434,Red,LightPink1,X,255,174,185,FFAEB9,NULL,12168959,NULL
435,Red,LightPink2,X,238,162,173,EEA2AD,NULL,11379438,NULL
436,Red,LightPink3,X,205,140,149,CD8C95,NULL,9800909,NULL
437,Red,LightPink4,X,139,95,101,8B5F65,NULL,6643595,NULL
438,Red,MediumVioletRed,X,199,21,133,C71585,NULL,8721863,1
439,Red,MistyRose,X,255,228,225,FFE4E1,NULL,14804223,1
440,Red,MistyRose1,X,255,228,225,FFE4E1,NULL,14804223,NULL
441,Red,MistyRose2,X,238,213,210,EED5D2,NULL,13817326,NULL
442,Red,MistyRose3,X,205,183,181,CDB7B5,NULL,11909069,NULL
443,Red,MistyRose4,X,139,125,123,8B7D7B,NULL,8093067,NULL
444,Red,OrangeRed,X,255,69,0,FF4500,NULL,17919,1
445,Red,OrangeRed1,X,255,69,0,FF4500,NULL,17919,NULL
446,Red,OrangeRed2,X,238,64,0,EE4000,NULL,16622,NULL
447,Red,OrangeRed3,X,205,55,0,CD3700,NULL,14285,NULL
448,Red,OrangeRed4,X,139,37,0,8B2500,NULL,9611,NULL
449,Red,PaleVioletRed,X,219,112,147,DB7093,NULL,9662683,1
450,Red,PaleVioletRed1,X,255,130,171,FF82AB,NULL,11240191,NULL
451,Red,PaleVioletRed2,X,238,121,159,EE799F,NULL,10451438,NULL
452,Red,PaleVioletRed3,X,205,104,137,CD6889,NULL,9005261,NULL
453,Red,PaleVioletRed4,X,139,71,93,8B475D,NULL,6113163,NULL
454,Red,VioletRed,X,208,32,144,D02090,NULL,9445584,NULL
455,Red,VioletRed1,X,255,62,150,FF3E96,NULL,9846527,NULL
456,Red,VioletRed2,X,238,58,140,EE3A8C,NULL,9190126,NULL
457,Red,VioletRed3,X,205,50,120,CD3278,NULL,7877325,NULL
458,Red,VioletRed4,X,139,34,82,8B2252,NULL,5382795,NULL
459,Red,firebrick,X,178,34,34,B22222,NULL,2237106,1
460,Red,firebrick1,X,255,48,48,FF3030,NULL,3158271,NULL
461,Red,firebrick2,X,238,44,44,EE2C2C,NULL,2895086,NULL
462,Red,firebrick3,X,205,38,38,CD2626,NULL,2500301,NULL
463,Red,firebrick4,X,139,26,26,8B1A1A,NULL,1710731,NULL
464,Red,pink,X,255,192,203,FFC0CB,NULL,13353215,1
465,Red,pink1,X,255,181,197,FFB5C5,NULL,12957183,NULL
466,Red,pink2,X,238,169,184,EEA9B8,NULL,12102126,NULL
467,Red,pink3,X,205,145,158,CD919E,NULL,10392013,NULL
468,Red,pink4,X,139,99,108,8B636C,NULL,7103371,NULL
469,Red,Flesh,N,245,204,176,F5CCB0,NULL,11586805,NULL
470,Red,Feldspar,N,209,146,117,D19275,NULL,7705297,NULL
471,Red,NULL," ",204,51,51,CC3333,c33,3355596,NULL
472,Red,red,"N,V,X",255,0,0,FF0000,f00,255,1
473,Red,red1,X,255,0,0,FF0000,f00,255,NULL
474,Red,red2,X,238,0,0,EE0000,e00,238,NULL
475,Red,red3,X,205,0,0,CD0000,NULL,205,NULL
476,Red,red4,X,139,0,0,8B0000,NULL,139,NULL
477,Red,tomato,X,255,99,71,FF6347,NULL,4678655,1
478,Red,tomato1,X,255,99,71,FF6347,NULL,4678655,NULL
479,Red,tomato2,X,238,92,66,EE5C42,NULL,4349166,NULL
480,Red,tomato3,X,205,79,57,CD4F39,NULL,3755981,NULL
481,Red,tomato4,X,139,54,38,8B3626,NULL,2504331,NULL
482,Red,Dusty Rose,N,133,99,99,856363,NULL,6513541,NULL
483,Red,Firebrick,N,142,35,35,8E2323,NULL,2302862,NULL
484,Red,Indian Red,N,245,204,176,F5CCB0,NULL,11586805,NULL
485,Red,Pink,N,188,143,143,BC8F8F,NULL,9408444,NULL
486,Red,Salmon,N,111,66,66,6F4242,NULL,4342383,NULL
487,Red,Scarlet,N,140,23,23,8C1717,NULL,1513356,NULL
488,Red,Spicy Pink,N,255,28,174,FF1CAE,NULL,11410687,NULL
489,Red,Free Speech Magenta,F,227,91,216,E35BD8,NULL,14179299,NULL
490,Red,Free Speech Red,F,192,0,0,C00000,NULL,192,NULL
491,Violet,DarkOrchid,X,153,50,204,9932CC,NULL,13382297,1
492,Violet,DarkOrchid1,X,191,62,255,BF3EFF,NULL,16727743,NULL
493,Violet,DarkOrchid2,X,178,58,238,B23AEE,NULL,15612594,NULL
494,Violet,DarkOrchid3,X,154,50,205,9A32CD,NULL,13447834,NULL
495,Violet,DarkOrchid4,X,104,34,139,68228B,NULL,9118312,NULL
496,Violet,DarkViolet,X,148,0,211,9400D3,NULL,13828244,1
497,Violet,LavenderBlush,X,255,240,245,FFF0F5,NULL,16118015,1
498,Violet,LavenderBlush1,X,255,240,245,FFF0F5,NULL,16118015,NULL
499,Violet,LavenderBlush2,X,238,224,229,EEE0E5,NULL,15065326,NULL
500,Violet,LavenderBlush3,X,205,193,197,CDC1C5,NULL,12960205,NULL
501,Violet,LavenderBlush4,X,139,131,134,8B8386,NULL,8815499,NULL
502,Violet,MediumOrchid,X,186,85,211,BA55D3,NULL,13850042,1
503,Violet,MediumOrchid1,X,224,102,255,E066FF,NULL,16738016,NULL
504,Violet,MediumOrchid2,X,209,95,238,D15FEE,NULL,15622097,NULL
505,Violet,MediumOrchid3,X,180,82,205,B452CD,NULL,13456052,NULL
506,Violet,MediumOrchid4,X,122,55,139,7A378B,NULL,9123706,NULL
507,Violet,MediumPurple,X,147,112,219,9370DB,NULL,14381203,1
508,Violet,Medium Orchid,N,147,112,219,9370DB,NULL,14381203,NULL
509,Violet,MediumPurple1,X,171,130,255,AB82FF,NULL,16745131,NULL
510,Violet,Dark Orchid,N,153,50,205,9932CD,NULL,13447833,NULL
511,Violet,MediumPurple2,X,159,121,238,9F79EE,NULL,15628703,NULL
512,Violet,MediumPurple3,X,137,104,205,8968CD,NULL,13461641,NULL
513,Violet,MediumPurple4,X,93,71,139,5D478B,NULL,9127773,NULL
514,Violet,lavender,X,230,230,250,E6E6FA,NULL,16443110,1
515,Violet,magenta,"N,X",255,0,255,FF00FF,f0f,16711935,1
516,Violet,fuchsia,V,255,0,255,FF00FF,f0f,16711935,1
517,Violet,magenta1,X,255,0,255,FF00FF,f0f,16711935,NULL
518,Violet,magenta2,X,238,0,238,EE00EE,e0e,15597806,NULL
519,Violet,magenta3,X,205,0,205,CD00CD,NULL,13435085,NULL
520,Violet,magenta4,X,139,0,139,8B008B,NULL,9109643,NULL
521,Violet,maroon,X,176,48,96,B03060,NULL,6303920,NULL
522,Violet,maroon1,X,255,52,179,FF34B3,NULL,11744511,NULL
523,Violet,maroon2,X,238,48,167,EE30A7,NULL,10957038,NULL
524,Violet,maroon3,X,205,41,144,CD2990,NULL,9447885,NULL
525,Violet,maroon4,X,139,28,98,8B1C62,NULL,6429835,NULL
526,Violet,orchid,X,218,112,214,DA70D6,NULL,14053594,1
527,Violet,Orchid,N,219,112,219,DB70DB,NULL,14381275,NULL
528,Violet,orchid1,X,255,131,250,FF83FA,NULL,16417791,NULL
529,Violet,orchid2,X,238,122,233,EE7AE9,NULL,15301358,NULL
530,Violet,orchid3,X,205,105,201,CD69C9,NULL,13199821,NULL
531,Violet,orchid4,X,139,71,137,8B4789,NULL,8996747,NULL
532,Violet,plum,X,221,160,221,DDA0DD,NULL,14524637,1
533,Violet,plum1,X,255,187,255,FFBBFF,fbf,16759807,NULL
534,Violet,plum2,X,238,174,238,EEAEEE,NULL,15642350,NULL
535,Violet,plum3,X,205,150,205,CD96CD,NULL,13473485,NULL
536,Violet,plum4,X,139,102,139,8B668B,NULL,9135755,NULL
537,Violet,NULL," ",153,102,204,9966CC,96c,13395609,NULL
538,Violet,purple,X,160,32,240,A020F0,NULL,15736992,NULL
539,Violet,purple,V,128,0,128,800080,NULL,8388736,1
540,Violet,purple1,X,155,48,255,9B30FF,NULL,16724123,NULL
541,Violet,purple2,X,145,44,238,912CEE,NULL,15608977,NULL
542,Violet,purple3,X,125,38,205,7D26CD,NULL,13444733,NULL
543,Violet,purple4,X,85,26,139,551A8B,NULL,9116245,NULL
544,Violet,thistle,X,216,191,216,D8BFD8,NULL,14204888,1
545,Violet,thistle1,X,255,225,255,FFE1FF,NULL,16769535,NULL
546,Violet,thistle2,X,238,210,238,EED2EE,NULL,15651566,NULL
547,Violet,thistle3,X,205,181,205,CDB5CD,NULL,13481421,NULL
548,Violet,thistle4,X,139,123,139,8B7B8B,NULL,9141131,NULL
549,Violet,violet,X,238,130,238,EE82EE,NULL,15631086,1
550,Violet,violet blue,N,159,95,159,9F5F9F,NULL,10444703,NULL
551,Violet,Dark Purple,N,135,31,120,871F78,NULL,7872391,NULL
552,Violet,Maroon,V,128,0,0,800000,NULL,128,1
553,Violet,Medium Violet Red,N,219,112,147,DB7093,NULL,9662683,NULL
554,Violet,Neon Pink,N,255,110,199,FF6EC7,NULL,13070079,NULL
555,Violet,Plum,N,234,173,234,EAADEA,NULL,15379946,NULL
556,Violet,Thistle,N,216,191,216,D8BFD8,NULL,14204888,1
557,Violet,Turquoise,N,173,234,234,ADEAEA,NULL,15395501,NULL
558,Violet,Violet,N,79,47,79,4F2F4F,NULL,5189455,NULL
559,Violet,Violet Red,N,204,50,153,CC3299,NULL,10040012,NULL
560,White,AntiqueWhite,X,250,235,215,FAEBD7,NULL,14150650,1
561,White,AntiqueWhite1,X,255,239,219,FFEFDB,NULL,14413823,NULL
562,White,AntiqueWhite2,X,238,223,204,EEDFCC,NULL,13426670,NULL
563,White,AntiqueWhite3,X,205,192,176,CDC0B0,NULL,11583693,NULL
564,White,AntiqueWhite4,X,139,131,120,8B8378,NULL,7897995,NULL
565,White,FloralWhite,X,255,250,240,FFFAF0,NULL,15792895,1
566,White,GhostWhite,X,248,248,255,F8F8FF,NULL,16775416,1
567,White,NavajoWhite,X,255,222,173,FFDEAD,NULL,11394815,1
568,White,NavajoWhite1,X,255,222,173,FFDEAD,NULL,11394815,NULL
569,White,NavajoWhite2,X,238,207,161,EECFA1,NULL,10604526,NULL
570,White,NavajoWhite3,X,205,179,139,CDB38B,NULL,9155533,NULL
571,White,NavajoWhite4,X,139,121,94,8B795E,NULL,6191499,NULL
572,White,OldLace,X,253,245,230,FDF5E6,NULL,15136253,1
573,White,WhiteSmoke,X,245,245,245,F5F5F5,NULL,16119285,1
574,White,gainsboro,X,220,220,220,DCDCDC,NULL,14474460,1
575,White,ivory,X,255,255,240,FFFFF0,NULL,15794175,1
576,White,ivory1,X,255,255,240,FFFFF0,NULL,15794175,NULL
577,White,ivory2,X,238,238,224,EEEEE0,NULL,14741230,NULL
578,White,ivory3,X,205,205,193,CDCDC1,NULL,12701133,NULL
579,White,ivory4,X,139,139,131,8B8B83,NULL,8620939,NULL
580,White,linen,X,250,240,230,FAF0E6,NULL,15134970,1
581,White,seashell,X,255,245,238,FFF5EE,NULL,15660543,1
582,White,seashell1,X,255,245,238,FFF5EE,NULL,15660543,NULL
583,White,seashell2,X,238,229,222,EEE5DE,NULL,14607854,NULL
584,White,seashell3,X,205,197,191,CDC5BF,NULL,12568013,NULL
585,White,seashell4,X,139,134,130,8B8682,NULL,8554123,NULL
586,White,snow,X,255,250,250,FFFAFA,NULL,16448255,1
587,White,snow1,X,255,250,250,FFFAFA,NULL,16448255,NULL
588,White,snow2,X,238,233,233,EEE9E9,NULL,15329774,NULL
589,White,snow3,X,205,201,201,CDC9C9,NULL,13224397,NULL
590,White,snow4,X,139,137,137,8B8989,NULL,9013643,NULL
591,White,wheat,X,245,222,179,F5DEB3,NULL,11788021,1
592,White,wheat1,X,255,231,186,FFE7BA,NULL,12249087,NULL
593,White,wheat2,X,238,216,174,EED8AE,NULL,11458798,NULL
594,White,wheat3,X,205,186,150,CDBA96,NULL,9878221,NULL
595,White,wheat4,X,139,126,102,8B7E66,NULL,6717067,NULL
596,White,white,"N,V,X",255,255,255,FFFFFF,fff,16777215,1
597,White,Quartz,N,217,217,243,D9D9F3,NULL,15981017,NULL
598,White,Wheat,N,216,216,191,D8D8BF,NULL,12572888,NULL
599,Yellow,BlanchedAlmond,X,255,235,205,FFEBCD,NULL,13495295,1
600,Yellow,DarkGoldenrod,X,184,134,11,B8860B,NULL,755384,1
601,Yellow,DarkGoldenrod1,X,255,185,15,FFB90F,NULL,1030655,NULL
602,Yellow,DarkGoldenrod2,X,238,173,14,EEAD0E,NULL,962030,NULL
603,Yellow,DarkGoldenrod3,X,205,149,12,CD950C,NULL,824781,NULL
604,Yellow,DarkGoldenrod4,X,139,101,8,8B6508,NULL,550283,NULL
605,Yellow,LemonChiffon,X,255,250,205,FFFACD,NULL,13499135,1
606,Yellow,LemonChiffon1,X,255,250,205,FFFACD,NULL,13499135,NULL
607,Yellow,LemonChiffon2,X,238,233,191,EEE9BF,NULL,12577262,NULL
608,Yellow,LemonChiffon3,X,205,201,165,CDC9A5,NULL,10865101,NULL
609,Yellow,LemonChiffon4,X,139,137,112,8B8970,NULL,7375243,NULL
610,Yellow,LightGoldenrod,X,238,221,130,EEDD82,NULL,8576494,NULL
611,Yellow,LightGoldenrod1,X,255,236,139,FFEC8B,NULL,9170175,NULL
612,Yellow,LightGoldenrod2,X,238,220,130,EEDC82,NULL,8576238,NULL
613,Yellow,LightGoldenrod3,X,205,190,112,CDBE70,NULL,7388877,NULL
614,Yellow,LightGoldenrod4,X,139,129,76,8B814C,NULL,5013899,NULL
615,Yellow,LightGoldenrodYellow,X,250,250,210,FAFAD2,NULL,13826810,1
616,Yellow,LightYellow,X,255,255,224,FFFFE0,NULL,14745599,1
617,Yellow,LightYellow1,X,255,255,224,FFFFE0,NULL,14745599,NULL
618,Yellow,LightYellow2,X,238,238,209,EEEED1,NULL,13758190,NULL
619,Yellow,LightYellow3,X,205,205,180,CDCDB4,NULL,11849165,NULL
620,Yellow,LightYellow4,X,139,139,122,8B8B7A,NULL,8031115,NULL
621,Yellow,PaleGoldenrod,X,238,232,170,EEE8AA,NULL,11200750,1
622,Yellow,PapayaWhip,X,255,239,213,FFEFD5,NULL,14020607,1
623,Yellow,cornsilk,X,255,248,220,FFF8DC,NULL,14481663,1
624,Yellow,cornsilk1,X,255,248,220,FFF8DC,NULL,14481663,NULL
625,Yellow,cornsilk2,X,238,232,205,EEE8CD,NULL,13494510,NULL
626,Yellow,cornsilk3,X,205,200,177,CDC8B1,NULL,11651277,NULL
627,Yellow,cornsilk4,X,139,136,120,8B8878,NULL,7899275,NULL
628,Yellow,goldenrod,X,218,165,32,DAA520,NULL,2139610,1
629,Yellow,goldenrod1,X,255,193,37,FFC125,NULL,2474495,NULL
630,Yellow,goldenrod2,X,238,180,34,EEB422,NULL,2274542,NULL
631,Yellow,goldenrod3,X,205,155,29,CD9B1D,NULL,1940429,NULL
632,Yellow,goldenrod4,X,139,105,20,8B6914,NULL,1337739,NULL
633,Yellow,moccasin,X,255,228,181,FFE4B5,NULL,11920639,1
634,Yellow,yellow,"N,V,X",255,255,0,FFFF00,ff0,65535,1
635,Yellow,yellow1,X,255,255,0,FFFF00,ff0,65535,NULL
636,Yellow,yellow2,X,238,238,0,EEEE00,ee0,61166,NULL
637,Yellow,yellow3,X,205,205,0,CDCD00,NULL,52685,NULL
638,Yellow,yellow4,X,139,139,0,8B8B00,NULL,35723,NULL
639,Yellow,gold,X,255,215,0,FFD700,NULL,55295,1
640,Yellow,gold1,X,255,215,0,FFD700,NULL,55295,NULL
641,Yellow,gold2,X,238,201,0,EEC900,NULL,51694,NULL
642,Yellow,gold3,X,205,173,0,CDAD00,NULL,44493,NULL
643,Yellow,gold4,X,139,117,0,8B7500,NULL,30091,NULL
644,Yellow,Goldenrod,N,219,219,112,DBDB70,NULL,7396315,NULL
645,Yellow,Medium Goldenrod,N,234,234,174,EAEAAE,NULL,11463402,NULL
646,Yellow,Yellow Green,N,153,204,50,99CC32,NULL,3329177,NULL
647,Metal,copper,N,184,115,51,B87333,NULL,3371960,NULL
648,Metal,cool copper,N,217,135,25,D98719,NULL,1673177,NULL
649,Metal,Green Copper,N,133,99,99,856363,NULL,6513541,NULL
650,Metal,brass,N,181,166,66,B5A642,NULL,4368053,NULL
651,Metal,bronze,N,140,120,83,8C7853,NULL,5470348,NULL
652,Metal,bronze II,N,166,125,61,A67D3D,NULL,4029862,NULL
653,Metal,bright gold,N,217,217,25,D9D919,NULL,1694169,NULL
654,Metal,Old Gold,N,207,181,59,CFB53B,NULL,3913167,NULL
655,Metal,CSS Gold," ",204,153,0,CC9900,c90,39372,NULL
656,Metal,gold,N,205,127,50,CD7F32,NULL,3309517,NULL
657,Metal,silver,N,230,232,250,E6E8FA,NULL,16443622,NULL
658,Metal,Silver,V,192,192,192,C0C0C0,NULL,12632256,1
659,Metal,Light Steel Blue,N,84,84,84,545454,NULL,5526612,NULL
660,Metal,Steel Blue,N,35,107,142,236B8E,NULL,9333539,NULL
661,Grey,Silver,V,192,192,192,C0C0C0,NULL,12632256,1
662,Grey,DimGrey,X,105,105,105,696969,NULL,6908265,1
663,Grey,White,X,255,255,255,FFFFFF,fff,16777215,1
664,Blue,MediumAquamarine,X,102,205,170,66CDAA,NULL,11193702,1
665,Green,SeaGreen4,X,46,139,87,2E8B67,NULL,5737262,NULL
666,Green,Khaki,N,35,142,35,328E23,NULL,2330147,NULL
667,Green,Medium Aquamarine,N,35,142,35,328E23,NULL,2330147,NULL
668,Metal,Grey,V,192,192,192,C0C0C0,NULL,12632256,NULL
