Code,R,G,B,RGB
PANTONE 100,244,237,124,F4ED7C
PANTONE 101,244,237,71,F4ED47
PANTONE 102,249,232,20,F9E814
PANTONE 103,198,173,15,C6AD0F
PANTONE 104,173,155,12,AD9B0C
PANTONE 105,130,117,15,82750F
PANTONE 106,247,232,89,F7E859
PANTONE 107,249,229,38,F9E526
PANTONE 108,249,221,22,F9DD16
PANTONE 109,249,214,22,F9D616
PANTONE 110,216,181,17,D8B511
PANTONE 111,170,147,10,AA930A
PANTONE 112,153,132,10,99840A
PANTONE 113,249,229,91,F9E55B
PANTONE 114,249,226,76,F9E24C
PANTONE 115,249,224,76,F9E04C
PANTONE 116,252,209,22,FCD116
PANTONE 116 2X,247,181,12,F7B50C
PANTONE 117,198,160,12,C6A00C
PANTONE 118,170,142,10,AA8E0A
PANTONE 119,137,119,25,897719
PANTONE 120,249,226,127,F9E27F
PANTONE 1205,247,232,170,F7E8AA
PANTONE 121,249,224,112,F9E070
PANTONE 1215,249,224,140,F9E08C
PANTONE 122,252,216,86,FCD856
PANTONE 1225,255,204,73,FFCC49
PANTONE 123,255,198,30,FFC61E
PANTONE 1235,252,181,20,FCB514
PANTONE 124,224,170,15,E0AA0F
PANTONE 1245,191,145,12,BF910C
PANTONE 125,181,140,10,B58C0A
PANTONE 1255,163,127,20,A37F14
PANTONE 126,163,130,5,A38205
PANTONE 1265,124,99,22,7C6316
PANTONE 127,244,226,135,F4E287
PANTONE 128,244,219,96,F4DB60
PANTONE 129,242,209,61,F2D13D
PANTONE 130,234,175,15,EAAF0F
PANTONE 130 2X,226,145,0,E29100
PANTONE 131,198,147,10,C6930A
PANTONE 132,158,124,10,9E7C0A
PANTONE 133,112,91,10,705B0A
PANTONE 134,255,216,127,FFD87F
PANTONE 1345,255,214,145,FFD691
PANTONE 135,252,201,99,FCC963
PANTONE 1355,252,206,135,FCCE87
PANTONE 136,252,191,73,FCBF49
PANTONE 1365,252,186,94,FCBA5E
PANTONE 137,252,163,17,FCA311
PANTONE 1375,249,155,12,F99B0C
PANTONE 138,216,140,2,D88C02
PANTONE 1385,204,122,2,CC7A02
PANTONE 139,175,117,5,AF7505
PANTONE 1395,153,96,7,996007
PANTONE 140,122,91,17,7A5B11
PANTONE 1405,107,71,20,6B4714
PANTONE 141,242,206,104,F2CE68
PANTONE 142,242,191,73,F2BF49
PANTONE 143,239,178,45,EFB22D
PANTONE 144,226,140,5,E28C05
PANTONE 145,198,127,7,C67F07
PANTONE 146,158,107,5,9E6B05
PANTONE 147,114,94,38,725E26
PANTONE 148,255,214,155,FFD69B
PANTONE 1485,255,183,119,FFB777
PANTONE 149,252,204,147,FCCC93
PANTONE 1495,255,153,63,FF993F
PANTONE 150,252,173,86,FCAD56
PANTONE 1505,244,124,0,F47C00
PANTONE 151,247,127,0,F77F00
PANTONE 152,221,117,0,DD7500
PANTONE 1525,181,84,0,B55400
PANTONE 153,188,109,10,BC6D0A
PANTONE 1535,140,68,0,8C4400
PANTONE 154,153,89,5,995905
PANTONE 1545,71,34,0,472200
PANTONE 155,244,219,170,F4DBAA
PANTONE 1555,249,191,158,F9BF9E
PANTONE 156,242,198,140,F2C68C
PANTONE 1565,252,165,119,FCA577
PANTONE 157,237,160,79,EDA04F
PANTONE 1575,252,135,68,FC8744
PANTONE 158,232,117,17,E87511
PANTONE 1585,249,107,7,F96B07
PANTONE 159,198,96,5,C66005
PANTONE 1595,209,91,5,D15B05
PANTONE 160,158,84,10,9E540A
PANTONE 1605,160,79,17,A04F11
PANTONE 161,99,58,17,633A11
PANTONE 1615,132,63,15,843F0F
PANTONE 162,249,198,170,F9C6AA
PANTONE 1625,249,165,140,F9A58C
PANTONE 163,252,158,112,FC9E70
PANTONE 1635,249,142,109,F98E6D
PANTONE 164,252,127,63,FC7F3F
PANTONE 1645,249,114,66,F97242
PANTONE 165,249,99,2,F96302
PANTONE 165 2X,234,79,0,EA4F00
PANTONE 1655,249,86,2,F95602
PANTONE 166,221,89,0,DD5900
PANTONE 1665,221,79,5,DD4F05
PANTONE 167,188,79,7,BC4F07
PANTONE 1675,165,63,15,A53F0F
PANTONE 168,109,48,17,6D3011
PANTONE 1685,132,53,17,843511
PANTONE 169,249,186,170,F9BAAA
PANTONE 170,249,137,114,F98972
PANTONE 171,249,96,58,F9603A
PANTONE 172,247,73,2,F74902
PANTONE 173,209,68,20,D14414
PANTONE 174,147,51,17,933311
PANTONE 175,109,51,33,6D3321
PANTONE 176,249,175,173,F9AFAD
PANTONE 1765,249,158,163,F99EA3
PANTONE 1767,249,178,183,F9B2B7
PANTONE 177,249,130,127,F9827F
PANTONE 1775,249,132,142,F9848E
PANTONE 1777,252,102,117,FC6675
PANTONE 178,249,94,89,F95E59
PANTONE 1785,252,79,89,FC4F59
PANTONE 1787,244,63,79,F43F4F
PANTONE 1788,239,43,45,EF2B2D
PANTONE 1788 2X,214,33,0,D62100
PANTONE 179,226,61,40,E23D28
PANTONE 1795,214,40,40,D62828
PANTONE 1797,204,45,48,CC2D30
PANTONE 180,193,56,40,C13828
PANTONE 1805,175,38,38,AF2626
PANTONE 1807,160,48,51,A03033
PANTONE 181,124,45,35,7C2D23
PANTONE 1810,124,33,30,7C211E
PANTONE 1817,91,45,40,5B2D28
PANTONE 182,249,191,193,F9BFC1
PANTONE 183,252,140,153,FC8C99
PANTONE 184,252,94,114,FC5E72
PANTONE 185,232,17,45,E8112D
PANTONE 185 2X,209,22,0,D11600
PANTONE 186,206,17,38,CE1126
PANTONE 187,175,30,45,AF1E2D
PANTONE 188,124,33,40,7C2128
PANTONE 189,255,163,178,FFA3B2
PANTONE 1895,252,191,201,FCBFC9
PANTONE 190,252,117,142,FC758E
PANTONE 1905,252,155,178,FC9BB2
PANTONE 191,244,71,107,F4476B
PANTONE 1915,244,84,124,F4547C
PANTONE 192,229,5,58,E5053A
PANTONE 1925,224,7,71,E00747
PANTONE 193,196,0,67,C40043
PANTONE 1935,193,5,56,C10538
PANTONE 194,153,33,53,992135
PANTONE 1945,168,12,53,A80C35
PANTONE 1955,147,22,56,931638
PANTONE 196,250,213,225,FAD5E1
PANTONE 197,246,165,190,F6A5BE
PANTONE 198,239,91,132,EF5B84
PANTONE 199,160,39,75,A0274B
PANTONE 200,196,30,58,C41E3A
PANTONE 201,163,38,56,A32638
PANTONE 202,140,38,51,8C2633
PANTONE 203,242,175,193,F2AFC1
PANTONE 204,237,122,158,ED7A9E
PANTONE 205,229,76,124,E54C7C
PANTONE 206,211,5,71,D30547
PANTONE 207,192,0,78,C0004E
PANTONE 208,142,35,68,8E2344
PANTONE 209,117,38,61,75263D
PANTONE 210,255,160,191,FFA0BF
PANTONE 211,255,119,168,FF77A8
PANTONE 212,249,79,142,F94F8E
PANTONE 213,234,15,107,EA0F6B
PANTONE 214,204,2,86,CC0256
PANTONE 215,165,5,68,A50544
PANTONE 216,124,30,63,7C1E3F
PANTONE 217,244,191,209,F4BFD1
PANTONE 218,237,114,170,ED72AA
PANTONE 219,226,40,130,E22882
PANTONE 220,170,0,79,AA004F
PANTONE 221,147,0,66,930042
PANTONE 222,112,25,61,70193D
PANTONE 223,249,147,196,F993C4
PANTONE 224,244,107,175,F46BAF
PANTONE 225,237,40,147,ED2893
PANTONE 226,214,2,112,D60270
PANTONE 227,173,0,91,AD005B
PANTONE 228,140,0,76,8C004C
PANTONE 229,109,33,63,6D213F
PANTONE 230,255,160,204,FFA0CC
PANTONE 231,252,112,186,FC70BA
PANTONE 232,244,63,165,F43FA5
PANTONE 233,206,0,124,CE007C
PANTONE 234,170,0,102,AA0066
PANTONE 235,142,5,84,8E0554
PANTONE 236,249,175,211,F9AFD3
PANTONE 2365,247,196,216,F7C4D8
PANTONE 237,244,132,196,F484C4
PANTONE 2375,234,107,191,EA6BBF
PANTONE 238,237,79,175,ED4FAF
PANTONE 2385,219,40,165,DB28A5
PANTONE 239,224,33,158,E0219E
PANTONE 2395,196,0,140,C4008C
PANTONE 240,196,15,137,C40F89
PANTONE 2405,168,0,122,A8007A
PANTONE 241,173,0,117,AD0075
PANTONE 2415,155,0,112,9B0070
PANTONE 242,124,28,81,7C1C51
PANTONE 2425,135,0,91,87005B
PANTONE 243,242,186,216,F2BAD8
PANTONE 244,237,160,211,EDA0D3
PANTONE 245,232,127,201,E87FC9
PANTONE 246,204,0,160,CC00A0
PANTONE 247,183,0,142,B7008E
PANTONE 248,163,5,127,A3057F
PANTONE 249,127,40,96,7F2860
PANTONE 250,237,196,221,EDC4DD
PANTONE 251,226,158,214,E29ED6
PANTONE 252,211,107,198,D36BC6
PANTONE 253,175,35,165,AF23A5
PANTONE 254,160,45,150,A02D96
PANTONE 255,119,45,107,772D6B
PANTONE 256,229,196,214,E5C4D6
PANTONE 2562,216,168,216,D8A8D8
PANTONE 2563,209,160,204,D1A0CC
PANTONE 2567,191,147,204,BF93CC
PANTONE 257,211,165,201,D3A5C9
PANTONE 2572,198,135,209,C687D1
PANTONE 2573,186,124,188,BA7CBC
PANTONE 2577,170,114,191,AA72BF
PANTONE 258,155,79,150,9B4F96
PANTONE 2582,170,71,186,AA47BA
PANTONE 2583,158,79,165,9E4FA5
PANTONE 2587,142,71,173,8E47AD
PANTONE 259,114,22,107,72166B
PANTONE 2592,147,15,165,930FA5
PANTONE 2593,135,43,147,872B93
PANTONE 2597,102,0,140,66008C
PANTONE 260,104,30,91,681E5B
PANTONE 2602,130,12,142,820C8E
PANTONE 2603,112,20,122,70147A
PANTONE 2607,91,2,122,5B027A
PANTONE 261,94,33,84,5E2154
PANTONE 2612,112,30,114,701E72
PANTONE 2613,102,17,109,66116D
PANTONE 2617,86,12,112,560C70
PANTONE 262,84,35,68,542344
PANTONE 2622,96,45,89,602D59
PANTONE 2623,91,25,94,5B195E
PANTONE 2627,76,20,94,4C145E
PANTONE 263,224,206,224,E0CEE0
PANTONE 2635,201,173,216,C9ADD8
PANTONE 264,198,170,219,C6AADB
PANTONE 2645,181,145,209,B591D1
PANTONE 265,150,99,196,9663C4
PANTONE 2655,155,109,198,9B6DC6
PANTONE 266,109,40,170,6D28AA
PANTONE 2665,137,79,191,894FBF
PANTONE 267,89,17,142,59118E
PANTONE 268,79,33,112,4F2170
PANTONE 2685,86,0,140,56008C
PANTONE 269,68,35,89,442359
PANTONE 2695,68,35,94,44235E
PANTONE 270,186,175,211,BAAFD3
PANTONE 2705,173,158,211,AD9ED3
PANTONE 2706,209,206,221,D1CEDD
PANTONE 2707,191,209,229,BFD1E5
PANTONE 2708,175,188,219,AFBCDB
PANTONE 271,158,145,198,9E91C6
PANTONE 2715,147,122,204,937ACC
PANTONE 2716,165,160,214,A5A0D6
PANTONE 2717,165,186,224,A5BAE0
PANTONE 2718,91,119,204,5B77CC
PANTONE 272,137,119,186,8977BA
PANTONE 2725,114,81,188,7251BC
PANTONE 2726,102,86,188,6656BC
PANTONE 2727,94,104,196,5E68C4
PANTONE 2728,48,68,181,3044B5
PANTONE 273,56,25,122,38197A
PANTONE 2735,79,0,147,4F0093
PANTONE 2736,73,48,173,4930AD
PANTONE 2738,45,0,142,2D008E
PANTONE 274,43,17,102,2B1166
PANTONE 2745,63,0,119,3F0077
PANTONE 2746,63,40,147,3F2893
PANTONE 2747,28,20,107,1C146B
PANTONE 2748,30,28,119,1E1C77
PANTONE 275,38,15,84,260F54
PANTONE 2755,53,0,109,35006D
PANTONE 2756,51,40,117,332875
PANTONE 2757,20,22,84,141654
PANTONE 2758,25,33,104,192168
PANTONE 276,43,33,71,2B2147
PANTONE 2765,43,12,86,2B0C56
PANTONE 2766,43,38,91,2B265B
PANTONE 2767,20,33,61,14213D
PANTONE 2768,17,33,81,112151
PANTONE 277,181,209,232,B5D1E8
PANTONE 278,153,186,221,99BADD
PANTONE 279,102,137,204,6689CC
PANTONE 280,0,43,127,002B7F
PANTONE 281,0,40,104,002868
PANTONE 282,0,38,84,002654
PANTONE 283,155,196,226,9BC4E2
PANTONE 284,117,170,219,75AADB
PANTONE 285,58,117,196,3A75C4
PANTONE 286,0,56,168,0038A8
PANTONE 287,0,56,147,003893
PANTONE 288,0,51,127,00337F
PANTONE 289,0,38,73,002649
PANTONE 290,196,216,226,C4D8E2
PANTONE 2905,147,198,224,93C6E0
PANTONE 291,168,206,226,A8CEE2
PANTONE 2915,96,175,221,60AFDD
PANTONE 292,117,178,221,75B2DD
PANTONE 2925,0,142,214,008ED6
PANTONE 293,0,81,186,0051BA
PANTONE 2935,0,91,191,005BBF
PANTONE 294,0,63,135,003F87
PANTONE 2945,0,84,160,0054A0
PANTONE 295,0,56,107,00386B
PANTONE 2955,0,61,107,003D6B
PANTONE 296,0,45,71,002D47
PANTONE 2965,0,51,76,00334C
PANTONE 297,130,198,226,82C6E2
PANTONE 2975,186,224,226,BAE0E2
PANTONE 298,81,181,224,51B5E0
PANTONE 2985,81,191,226,51BFE2
PANTONE 299,0,163,221,00A3DD
PANTONE 2995,0,165,219,00A5DB
PANTONE 300,0,114,198,0072C6
PANTONE 3005,0,132,201,0084C9
PANTONE 301,0,91,153,005B99
PANTONE 3015,0,112,158,00709E
PANTONE 302,0,79,109,004F6D
PANTONE 3025,0,84,107,00546B
PANTONE 303,0,63,84,003F54
PANTONE 3035,0,68,84,004454
PANTONE 304,165,221,226,A5DDE2
PANTONE 305,112,206,226,70CEE2
PANTONE 306,0,188,226,00BCE2
PANTONE 306 2X,0,163,209,00A3D1
PANTONE 307,0,122,165,007AA5
PANTONE 308,0,96,124,00607C
PANTONE 309,0,63,73,003F49
PANTONE 310,114,209,221,72D1DD
PANTONE 3105,127,214,219,7FD6DB
PANTONE 311,40,196,216,28C4D8
PANTONE 3115,45,198,214,2DC6D6
PANTONE 312,0,173,198,00ADC6
PANTONE 3125,0,183,198,00B7C6
PANTONE 313,0,153,181,0099B5
PANTONE 3135,0,155,170,009BAA
PANTONE 314,0,130,155,00829B
PANTONE 3145,0,132,142,00848E
PANTONE 315,0,107,119,006B77
PANTONE 3155,0,109,117,006D75
PANTONE 316,0,73,79,00494F
PANTONE 3165,0,86,91,00565B
PANTONE 317,201,232,221,C9E8DD
PANTONE 318,147,221,219,93DDDB
PANTONE 319,76,206,209,4CCED1
PANTONE 320,0,158,160,009EA0
PANTONE 320 2X,0,127,130,007F82
PANTONE 321,0,135,137,008789
PANTONE 322,0,114,114,007272
PANTONE 323,0,102,99,006663
PANTONE 324,170,221,214,AADDD6
PANTONE 3242,135,221,209,87DDD1
PANTONE 3245,140,224,209,8CE0D1
PANTONE 3248,122,211,193,7AD3C1
PANTONE 325,86,201,193,56C9C1
PANTONE 3252,86,214,201,56D6C9
PANTONE 3255,71,214,193,47D6C1
PANTONE 3258,53,196,175,35C4AF
PANTONE 326,0,178,170,00B2AA
PANTONE 3262,0,193,181,00C1B5
PANTONE 3265,0,198,178,00C6B2
PANTONE 3268,0,175,153,00AF99
PANTONE 327,0,140,130,008C82
PANTONE 327 2X,0,137,119,008977
PANTONE 3272,0,170,158,00AA9E
PANTONE 3275,0,178,160,00B2A0
PANTONE 3278,0,155,132,009B84
PANTONE 328,0,119,112,007770
PANTONE 3282,0,140,130,008C82
PANTONE 3285,0,153,135,009987
PANTONE 3288,0,130,112,008270
PANTONE 329,0,109,102,006D66
PANTONE 3292,0,96,86,006056
PANTONE 3295,0,130,114,008272
PANTONE 3298,0,107,91,006B5B
PANTONE 330,0,89,81,005951
PANTONE 3302,0,73,63,00493F
PANTONE 3305,0,79,66,004F42
PANTONE 3308,0,68,56,004438
PANTONE 331,186,234,214,BAEAD6
PANTONE 332,160,229,206,A0E5CE
PANTONE 333,94,221,193,5EDDC1
PANTONE 334,0,153,124,00997C
PANTONE 335,0,124,102,007C66
PANTONE 336,0,104,84,006854
PANTONE 337,155,219,193,9BDBC1
PANTONE 3375,142,226,188,8EE2BC
PANTONE 338,122,209,181,7AD1B5
PANTONE 3385,84,216,168,54D8A8
PANTONE 339,0,178,140,00B28C
PANTONE 3395,0,201,147,00C993
PANTONE 340,0,153,119,009977
PANTONE 3405,0,178,122,00B27A
PANTONE 341,0,122,94,007A5E
PANTONE 3415,0,124,89,007C59
PANTONE 342,0,107,84,006B54
PANTONE 3425,0,104,71,006847
PANTONE 343,0,86,63,00563F
PANTONE 3435,2,73,48,024930
PANTONE 344,181,226,191,B5E2BF
PANTONE 345,150,216,175,96D8AF
PANTONE 346,112,206,155,70CE9B
PANTONE 347,0,158,96,009E60
PANTONE 348,0,135,81,008751
PANTONE 349,0,107,63,006B3F
PANTONE 350,35,79,51,234F33
PANTONE 351,181,232,191,B5E8BF
PANTONE 352,153,229,178,99E5B2
PANTONE 353,132,226,168,84E2A8
PANTONE 354,0,183,96,00B760
PANTONE 355,0,158,73,009E49
PANTONE 356,0,122,61,007A3D
PANTONE 357,33,91,51,215B33
PANTONE 358,170,221,150,AADD96
PANTONE 359,160,219,142,A0DB8E
PANTONE 360,96,198,89,60C659
PANTONE 361,30,181,58,1EB53A
PANTONE 362,51,158,53,339E35
PANTONE 363,61,142,51,3D8E33
PANTONE 364,58,119,40,3A7728
PANTONE 365,211,232,163,D3E8A3
PANTONE 366,196,229,142,C4E58E
PANTONE 367,170,221,109,AADD6D
PANTONE 368,91,191,33,5BBF21
PANTONE 368 2X,0,158,15,009E0F
PANTONE 369,86,170,28,56AA1C
PANTONE 370,86,142,20,568E14
PANTONE 371,86,107,33,566B21
PANTONE 372,216,237,150,D8ED96
PANTONE 373,206,234,130,CEEA82
PANTONE 374,186,232,96,BAE860
PANTONE 375,140,214,0,8CD600
PANTONE 375 2X,84,188,0,54BC00
PANTONE 376,127,186,0,7FBA00
PANTONE 377,112,147,2,709302
PANTONE 378,86,99,20,566314
PANTONE 379,224,234,104,E0EA68
PANTONE 380,214,229,66,D6E542
PANTONE 381,204,226,38,CCE226
PANTONE 382,186,216,10,BAD80A
PANTONE 382 2X,158,196,0,9EC400
PANTONE 383,163,175,7,A3AF07
PANTONE 384,147,153,5,939905
PANTONE 385,112,112,20,707014
PANTONE 386,232,237,96,E8ED60
PANTONE 387,224,237,68,E0ED44
PANTONE 388,214,232,15,D6E80F
PANTONE 389,206,224,7,CEE007
PANTONE 390,186,196,5,BAC405
PANTONE 391,158,158,7,9E9E07
PANTONE 392,132,130,5,848205
PANTONE 393,242,239,135,F2EF87
PANTONE 3935,242,237,109,F2ED6D
PANTONE 394,234,237,53,EAED35
PANTONE 3945,239,234,7,EFEA07
PANTONE 395,229,232,17,E5E811
PANTONE 3955,237,226,17,EDE211
PANTONE 396,224,226,12,E0E20C
PANTONE 3965,232,221,17,E8DD11
PANTONE 397,193,191,10,C1BF0A
PANTONE 3975,181,168,12,B5A80C
PANTONE 398,175,168,10,AFA80A
PANTONE 3985,153,140,10,998C0A
PANTONE 399,153,142,7,998E07
PANTONE 3995,109,96,2,6D6002
PANTONE 400,209,198,181,D1C6B5
PANTONE 401,193,181,165,C1B5A5
PANTONE 402,175,165,147,AFA593
PANTONE 403,153,140,124,998C7C
PANTONE 404,130,117,102,827566
PANTONE 405,107,94,79,6B5E4F
PANTONE 406,206,193,181,CEC1B5
PANTONE 408,168,153,140,A8998C
PANTONE 409,153,137,124,99897C
PANTONE 410,124,109,99,7C6D63
PANTONE 411,102,89,76,66594C
PANTONE 412,61,48,40,3D3028
PANTONE 413,198,193,178,C6C1B2
PANTONE 414,181,175,160,B5AFA0
PANTONE 415,163,158,140,A39E8C
PANTONE 416,142,140,122,8E8C7A
PANTONE 417,119,114,99,777263
PANTONE 418,96,94,79,605E4F
PANTONE 419,40,40,33,282821
PANTONE 420,209,204,191,D1CCBF
PANTONE 421,191,186,175,BFBAAF
PANTONE 422,175,170,163,AFAAA3
PANTONE 423,150,147,142,96938E
PANTONE 424,130,127,119,827F77
PANTONE 425,96,96,91,60605B
PANTONE 426,43,43,40,2B2B28
PANTONE 427,221,219,209,DDDBD1
PANTONE 428,209,206,198,D1CEC6
PANTONE 429,173,175,170,ADAFAA
PANTONE 430,145,150,147,919693
PANTONE 431,102,109,112,666D70
PANTONE 432,68,79,81,444F51
PANTONE 433,48,56,58,30383A
PANTONE 433 2X,10,12,17,0A0C11
PANTONE 434,224,209,198,E0D1C6
PANTONE 435,211,191,183,D3BFB7
PANTONE 436,188,165,158,BCA59E
PANTONE 437,140,112,107,8C706B
PANTONE 438,89,63,61,593F3D
PANTONE 439,73,53,51,493533
PANTONE 440,63,48,43,3F302B
PANTONE 441,209,209,198,D1D1C6
PANTONE 442,186,191,183,BABFB7
PANTONE 443,163,168,163,A3A8A3
PANTONE 444,137,142,140,898E8C
PANTONE 445,86,89,89,565959
PANTONE 446,73,76,73,494C49
PANTONE 447,63,63,56,3F3F38
PANTONE 448,84,71,45,54472D
PANTONE 4485,96,76,17,604C11
PANTONE 449,84,71,38,544726
PANTONE 4495,135,117,48,877530
PANTONE 450,96,84,43,60542B
PANTONE 4505,160,145,81,A09151
PANTONE 451,173,160,122,ADA07A
PANTONE 4515,188,173,117,BCAD75
PANTONE 452,196,183,150,C4B796
PANTONE 4525,204,191,142,CCBF8E
PANTONE 453,214,204,175,D6CCAF
PANTONE 4535,219,206,165,DBCEA5
PANTONE 454,226,216,191,E2D8BF
PANTONE 4545,229,219,186,E5DBBA
PANTONE 455,102,86,20,665614
PANTONE 456,153,135,20,998714
PANTONE 457,181,155,12,B59B0C
PANTONE 458,221,204,107,DDCC6B
PANTONE 459,226,214,124,E2D67C
PANTONE 460,234,221,150,EADD96
PANTONE 461,237,229,173,EDE5AD
PANTONE 462,91,71,35,5B4723
PANTONE 4625,71,35,17,472311
PANTONE 463,117,84,38,755426
PANTONE 4635,140,89,51,8C5933
PANTONE 464,135,96,40,876028
PANTONE 464 2X,112,66,20,704214
PANTONE 4645,178,130,96,B28260
PANTONE 465,193,168,117,C1A875
PANTONE 4655,196,153,119,C49977
PANTONE 466,209,191,145,D1BF91
PANTONE 4665,216,181,150,D8B596
PANTONE 467,221,204,165,DDCCA5
PANTONE 4675,229,198,170,E5C6AA
PANTONE 468,226,214,181,E2D6B5
PANTONE 4685,237,211,188,EDD3BC
PANTONE 469,96,51,17,603311
PANTONE 4695,81,38,28,51261C
PANTONE 470,155,79,25,9B4F19
PANTONE 4705,124,81,61,7C513D
PANTONE 471,188,94,30,BC5E1E
PANTONE 471 2X,163,68,2,A34402
PANTONE 4715,153,112,91,99705B
PANTONE 472,234,170,122,EAAA7A
PANTONE 4725,181,145,124,B5917C
PANTONE 473,244,196,160,F4C4A0
PANTONE 4735,204,175,155,CCAF9B
PANTONE 474,244,204,170,F4CCAA
PANTONE 4745,216,191,170,D8BFAA
PANTONE 475,247,211,181,F7D3B5
PANTONE 4755,226,204,186,E2CCBA
PANTONE 476,89,61,43,593D2B
PANTONE 477,99,56,38,633826
PANTONE 478,122,63,40,7A3F28
PANTONE 479,175,137,112,AF8970
PANTONE 480,211,183,163,D3B7A3
PANTONE 481,224,204,186,E0CCBA
PANTONE 482,229,211,193,E5D3C1
PANTONE 483,107,48,33,6B3021
PANTONE 484,155,48,28,9B301C
PANTONE 485,216,30,5,D81E05
PANTONE 485 2X,204,12,0,CC0C00
PANTONE 486,237,158,132,ED9E84
PANTONE 487,239,181,160,EFB5A0
PANTONE 488,242,196,175,F2C4AF
PANTONE 489,242,209,191,F2D1BF
PANTONE 490,91,38,38,5B2626
PANTONE 491,117,40,40,752828
PANTONE 492,145,51,56,913338
PANTONE 494,242,173,178,F2ADB2
PANTONE 495,244,188,191,F4BCBF
PANTONE 496,247,201,198,F7C9C6
PANTONE 497,81,40,38,512826
PANTONE 4975,68,30,28,441E1C
PANTONE 498,109,51,43,6D332B
PANTONE 4985,132,73,73,844949
PANTONE 499,122,56,45,7A382D
PANTONE 4995,165,107,109,A56B6D
PANTONE 500,206,137,140,CE898C
PANTONE 5005,188,135,135,BC8787
PANTONE 501,234,178,178,EAB2B2
PANTONE 5015,216,173,168,D8ADA8
PANTONE 502,242,198,196,F2C6C4
PANTONE 5025,226,188,183,E2BCB7
PANTONE 503,244,209,204,F4D1CC
PANTONE 5035,237,206,198,EDCEC6
PANTONE 504,81,30,38,511E26
PANTONE 505,102,30,43,661E2B
PANTONE 506,122,38,56,7A2638
PANTONE 507,216,137,155,D8899B
PANTONE 508,232,165,175,E8A5AF
PANTONE 509,242,186,191,F2BABF
PANTONE 510,244,198,201,F4C6C9
PANTONE 511,96,33,68,602144
PANTONE 5115,79,33,58,4F213A
PANTONE 512,132,33,107,84216B
PANTONE 5125,117,71,96,754760
PANTONE 513,158,35,135,9E2387
PANTONE 5135,147,107,127,936B7F
PANTONE 514,216,132,188,D884BC
PANTONE 5145,173,135,153,AD8799
PANTONE 515,232,163,201,E8A3C9
PANTONE 5155,204,175,183,CCAFB7
PANTONE 516,242,186,211,F2BAD3
PANTONE 5165,224,201,204,E0C9CC
PANTONE 517,244,204,216,F4CCD8
PANTONE 5175,232,214,209,E8D6D1
PANTONE 518,81,45,68,512D44
PANTONE 5185,71,40,53,472835
PANTONE 519,99,48,94,63305E
PANTONE 5195,89,51,68,593344
PANTONE 520,112,53,114,703572
PANTONE 5205,142,104,119,8E6877
PANTONE 521,181,140,178,B58CB2
PANTONE 5215,181,147,155,B5939B
PANTONE 522,198,163,193,C6A3C1
PANTONE 5225,204,173,175,CCADAF
PANTONE 523,211,183,204,D3B7CC
PANTONE 5235,221,198,196,DDC6C4
PANTONE 524,226,204,211,E2CCD3
PANTONE 5245,229,211,204,E5D3CC
PANTONE 525,81,38,84,512654
PANTONE 5255,53,38,79,35264F
PANTONE 526,104,33,122,68217A
PANTONE 5265,73,61,99,493D63
PANTONE 527,122,30,153,7A1E99
PANTONE 5275,96,86,119,605677
PANTONE 528,175,114,193,AF72C1
PANTONE 5285,140,130,153,8C8299
PANTONE 529,206,163,211,CEA3D3
PANTONE 5295,178,168,181,B2A8B5
PANTONE 530,214,175,214,D6AFD6
PANTONE 5305,204,193,198,CCC1C6
PANTONE 531,229,198,219,E5C6DB
PANTONE 5315,219,211,211,DBD3D3
PANTONE 532,53,56,66,353842
PANTONE 533,53,63,91,353F5B
PANTONE 534,58,73,114,3A4972
PANTONE 535,155,163,183,9BA3B7
PANTONE 536,173,178,193,ADB2C1
PANTONE 537,196,198,206,C4C6CE
PANTONE 538,214,211,214,D6D3D6
PANTONE 539,0,48,73,003049
PANTONE 5395,2,40,58,02283A
PANTONE 540,0,51,91,00335B
PANTONE 5405,63,96,117,3F6075
PANTONE 541,0,63,119,003F77
PANTONE 5415,96,124,140,607C8C
PANTONE 542,102,147,188,6693BC
PANTONE 5425,132,153,165,8499A5
PANTONE 543,147,183,209,93B7D1
PANTONE 5435,175,188,191,AFBCBF
PANTONE 544,183,204,219,B7CCDB
PANTONE 5445,196,204,204,C4CCCC
PANTONE 545,196,211,221,C4D3DD
PANTONE 5455,214,216,211,D6D8D3
PANTONE 546,12,56,68,0C3844
PANTONE 5463,0,53,58,00353A
PANTONE 5467,25,56,51,193833
PANTONE 547,0,63,84,003F54
PANTONE 5473,38,104,109,26686D
PANTONE 5477,58,86,79,3A564F
PANTONE 548,0,68,89,004459
PANTONE 5483,96,145,145,609191
PANTONE 5487,102,124,114,667C72
PANTONE 549,94,153,170,5E99AA
PANTONE 5493,140,175,173,8CAFAD
PANTONE 5497,145,163,153,91A399
PANTONE 550,135,175,191,87AFBF
PANTONE 5503,170,196,191,AAC4BF
PANTONE 5507,175,186,178,AFBAB2
PANTONE 551,163,193,201,A3C1C9
PANTONE 5513,206,216,209,CED8D1
PANTONE 5517,201,206,196,C9CEC4
PANTONE 552,196,214,214,C4D6D6
PANTONE 5523,214,221,214,D6DDD6
PANTONE 5527,206,209,198,CED1C6
PANTONE 553,35,68,53,234435
PANTONE 5535,33,61,48,213D30
PANTONE 554,25,94,71,195E47
PANTONE 5545,79,109,94,4F6D5E
PANTONE 555,7,109,84,076D54
PANTONE 5555,119,145,130,779182
PANTONE 556,122,168,145,7AA891
PANTONE 5565,150,170,153,96AA99
PANTONE 557,163,193,173,A3C1AD
PANTONE 5575,175,191,173,AFBFAD
PANTONE 558,183,206,188,B7CEBC
PANTONE 5585,196,206,191,C4CEBF
PANTONE 559,198,214,196,C6D6C4
PANTONE 5595,216,219,204,D8DBCC
PANTONE 560,43,76,63,2B4C3F
PANTONE 5605,35,58,45,233A2D
PANTONE 561,38,102,89,266659
PANTONE 5615,84,104,86,546856
PANTONE 562,30,122,109,1E7A6D
PANTONE 5625,114,132,112,728470
PANTONE 563,127,188,170,7FBCAA
PANTONE 5635,158,170,153,9EAA99
PANTONE 564,5,112,94,05705E
PANTONE 5645,188,193,178,BCC1B2
PANTONE 565,188,219,204,BCDBCC
PANTONE 5655,198,204,186,C6CCBA
PANTONE 566,209,226,211,D1E2D3
PANTONE 5665,214,214,198,D6D6C6
PANTONE 567,38,81,66,265142
PANTONE 568,0,114,99,007263
PANTONE 569,0,135,114,008772
PANTONE 570,127,198,178,7FC6B2
PANTONE 571,170,219,198,AADBC6
PANTONE 572,188,226,206,BCE2CE
PANTONE 573,204,229,214,CCE5D6
PANTONE 574,73,89,40,495928
PANTONE 5743,63,73,38,3F4926
PANTONE 5747,66,71,22,424716
PANTONE 575,84,119,48,547730
PANTONE 5753,94,102,58,5E663A
PANTONE 5757,107,112,43,6B702B
PANTONE 576,96,142,58,608E3A
PANTONE 5763,119,124,79,777C4F
PANTONE 5767,140,145,79,8C914F
PANTONE 577,181,204,142,B5CC8E
PANTONE 5773,155,158,114,9B9E72
PANTONE 5777,170,173,117,AAAD75
PANTONE 578,198,214,160,C6D6A0
PANTONE 5783,181,181,142,B5B58E
PANTONE 5787,198,198,153,C6C699
PANTONE 579,201,214,163,C9D6A3
PANTONE 5793,198,198,165,C6C6A5
PANTONE 5797,211,209,170,D3D1AA
PANTONE 580,216,221,181,D8DDB5
PANTONE 5803,216,214,183,D8D6B7
PANTONE 5807,224,221,188,E0DDBC
PANTONE 581,96,94,17,605E11
PANTONE 5815,73,68,17,494411
PANTONE 582,135,137,5,878905
PANTONE 5825,117,112,43,75702B
PANTONE 583,170,186,10,AABA0A
PANTONE 5835,158,153,89,9E9959
PANTONE 584,206,214,73,CED649
PANTONE 5845,178,170,112,B2AA70
PANTONE 585,219,224,107,DBE06B
PANTONE 5855,204,198,147,CCC693
PANTONE 586,226,229,132,E2E584
PANTONE 5865,214,206,163,D6CEA3
PANTONE 587,232,232,155,E8E89B
PANTONE 5875,224,219,181,E0DBB5
PANTONE 600,244,237,175,F4EDAF
PANTONE 601,242,237,158,F2ED9E
PANTONE 602,242,234,135,F2EA87
PANTONE 603,237,232,91,EDE85B
PANTONE 604,232,221,33,E8DD21
PANTONE 605,221,206,17,DDCE11
PANTONE 606,211,191,17,D3BF11
PANTONE 607,242,234,188,F2EABC
PANTONE 608,239,232,173,EFE8AD
PANTONE 609,234,229,150,EAE596
PANTONE 610,226,219,114,E2DB72
PANTONE 611,214,206,73,D6CE49
PANTONE 612,196,186,0,C4BA00
PANTONE 613,175,160,12,AFA00C
PANTONE 614,234,226,183,EAE2B7
PANTONE 615,226,219,170,E2DBAA
PANTONE 616,221,214,155,DDD69B
PANTONE 617,204,196,124,CCC47C
PANTONE 618,181,170,89,B5AA59
PANTONE 619,150,140,40,968C28
PANTONE 620,132,119,17,847711
PANTONE 621,216,221,206,D8DDCE
PANTONE 622,193,209,191,C1D1BF
PANTONE 623,165,191,170,A5BFAA
PANTONE 624,127,160,140,7FA08C
PANTONE 625,91,135,114,5B8772
PANTONE 626,33,84,63,21543F
PANTONE 627,12,48,38,0C3026
PANTONE 628,204,226,221,CCE2DD
PANTONE 629,178,216,216,B2D8D8
PANTONE 630,140,204,211,8CCCD3
PANTONE 631,84,183,198,54B7C6
PANTONE 632,0,160,186,00A0BA
PANTONE 633,0,127,153,007F99
PANTONE 634,0,102,127,00667F
PANTONE 635,186,224,224,BAE0E0
PANTONE 636,153,214,221,99D6DD
PANTONE 637,107,201,219,6BC9DB
PANTONE 638,0,181,214,00B5D6
PANTONE 639,0,160,196,00A0C4
PANTONE 640,0,140,178,008CB2
PANTONE 641,0,122,165,007AA5
PANTONE 642,209,216,216,D1D8D8
PANTONE 643,198,209,214,C6D1D6
PANTONE 644,155,175,196,9BAFC4
PANTONE 645,119,150,178,7796B2
PANTONE 646,94,130,163,5E82A3
PANTONE 647,38,84,124,26547C
PANTONE 648,0,48,94,00305E
PANTONE 649,214,214,216,D6D6D8
PANTONE 650,191,198,209,BFC6D1
PANTONE 651,155,170,191,9BAABF
PANTONE 652,109,135,168,6D87A8
PANTONE 653,51,86,135,335687
PANTONE 654,15,43,91,0F2B5B
PANTONE 655,12,28,71,0C1C47
PANTONE 656,214,219,224,D6DBE0
PANTONE 657,193,201,221,C1C9DD
PANTONE 658,165,175,214,A5AFD6
PANTONE 659,127,140,191,7F8CBF
PANTONE 660,89,96,168,5960A8
PANTONE 661,45,51,142,2D338E
PANTONE 662,12,25,117,0C1975
PANTONE 663,226,211,214,E2D3D6
PANTONE 664,216,204,209,D8CCD1
PANTONE 665,198,181,196,C6B5C4
PANTONE 666,168,147,173,A893AD
PANTONE 667,127,102,137,7F6689
PANTONE 668,102,73,117,664975
PANTONE 669,71,43,89,472B59
PANTONE 670,242,214,216,F2D6D8
PANTONE 671,239,198,211,EFC6D3
PANTONE 672,234,170,196,EAAAC4
PANTONE 673,224,140,178,E08CB2
PANTONE 674,211,107,158,D36B9E
PANTONE 675,188,56,119,BC3877
PANTONE 676,160,0,84,A00054
PANTONE 677,237,214,214,EDD6D6
PANTONE 678,234,204,206,EACCCE
PANTONE 679,229,191,198,E5BFC6
PANTONE 680,211,158,175,D39EAF
PANTONE 681,183,114,142,B7728E
PANTONE 682,160,81,117,A05175
PANTONE 683,127,40,79,7F284F
PANTONE 684,239,204,206,EFCCCE
PANTONE 685,234,191,196,EABFC4
PANTONE 686,224,170,186,E0AABA
PANTONE 687,201,137,158,C9899E
PANTONE 688,178,102,132,B26684
PANTONE 689,147,66,102,934266
PANTONE 690,112,35,66,702342
PANTONE 691,239,209,201,EFD1C9
PANTONE 692,232,191,186,E8BFBA
PANTONE 693,219,168,165,DBA8A5
PANTONE 694,201,140,140,C98C8C
PANTONE 695,178,107,112,B26B70
PANTONE 696,142,71,73,8E4749
PANTONE 697,127,56,58,7F383A
PANTONE 698,247,209,204,F7D1CC
PANTONE 699,247,191,191,F7BFBF
PANTONE 700,242,165,170,F2A5AA
PANTONE 701,232,135,142,E8878E
PANTONE 702,214,96,109,D6606D
PANTONE 703,183,56,68,B73844
PANTONE 704,158,40,40,9E2828
PANTONE 705,249,221,214,F9DDD6
PANTONE 706,252,201,198,FCC9C6
PANTONE 707,252,173,175,FCADAF
PANTONE 708,249,142,153,F98E99
PANTONE 709,242,104,119,F26877
PANTONE 710,224,66,81,E04251
PANTONE 711,209,45,51,D12D33
PANTONE 712,255,211,170,FFD3AA
PANTONE 713,249,201,163,F9C9A3
PANTONE 714,249,186,130,F9BA82
PANTONE 715,252,158,73,FC9E49
PANTONE 716,242,132,17,F28411
PANTONE 717,211,109,0,D36D00
PANTONE 718,191,91,0,BF5B00
PANTONE 719,244,209,175,F4D1AF
PANTONE 720,239,196,158,EFC49E
PANTONE 721,232,178,130,E8B282
PANTONE 722,209,142,84,D18E54
PANTONE 723,186,117,48,BA7530
PANTONE 724,142,73,5,8E4905
PANTONE 725,117,56,2,753802
PANTONE 726,237,211,181,EDD3B5
PANTONE 727,226,191,155,E2BF9B
PANTONE 728,211,168,124,D3A87C
PANTONE 729,193,142,96,C18E60
PANTONE 730,170,117,63,AA753F
PANTONE 731,114,63,10,723F0A
PANTONE 732,96,51,10,60330A
PANTONE 801,0,170,204,00AACC
PANTONE 801 2X,0,137,175,0089AF
PANTONE 802,96,221,73,60DD49
PANTONE 802 2X,28,206,40,1CCE28
PANTONE 803,255,237,56,FFED38
PANTONE 803 2X,255,216,22,FFD816
PANTONE 804,255,147,56,FF9338
PANTONE 804 2X,255,127,30,FF7F1E
PANTONE 805,249,89,81,F95951
PANTONE 805 2X,249,58,43,F93A2B
PANTONE 806,255,0,147,FF0093
PANTONE 806 2X,247,2,124,F7027C
PANTONE 807,214,0,158,D6009E
PANTONE 807 2X,191,0,140,BF008C
PANTONE 808,0,181,155,00B59B
PANTONE 808 2X,0,160,135,00A087
PANTONE 809,221,224,15,DDE00F
PANTONE 809 2X,214,214,12,D6D60C
PANTONE 810,255,204,30,FFCC1E
PANTONE 810 2X,255,188,33,FFBC21
PANTONE 811,255,114,71,FF7247
PANTONE 811 2X,255,84,22,FF5416
PANTONE 812,252,35,102,FC2366
PANTONE 812 2X,252,7,79,FC074F
PANTONE 813,229,0,153,E50099
PANTONE 813 2X,209,0,132,D10084
PANTONE 814,140,96,193,8C60C1
PANTONE 814 2X,112,63,175,703FAF
