R,G,B,RGB,Color
173,53,133,AD3585,TOYO 0001
194,0,135,C20087,TOYO 0002
208,69,170,D045AA,TOYO 0003
164,89,137,A45989,TOYO 0004
183,98,150,B76296,TOYO 0005
216,94,174,D85EAE,TOYO 0006
175,0,110,AF006E,TOYO 0007
199,0,120,C70078,TOYO 0008
204,95,157,CC5F9D,TOYO 0009
220,81,153,DC5199,TOYO 0010
218,59,139,DA3B8B,TOYO 0011
230,118,168,E676A8,TOYO 0012
226,137,186,E289BA,TOYO 0013
232,163,195,E8A3C3,TOYO 0014
231,170,201,E7AAC9,TOYO 0015
231,179,201,E7B3C9,TOYO 0016
232,195,209,E8C3D1,TOYO 0017
239,179,198,EFB3C6,TOYO 0018
233,115,162,E973A2,TOYO 0019
179,59,121,B33B79,TOYO 0020
143,45,100,8F2D64,TOYO 0021
151,15,88,970F58,TOYO 0022
198,0,101,C60065,TOYO 0023
215,43,130,D72B82,TOYO 0024
203,0,95,CB005F,TOYO 0025
189,0,89,BD0059,TOYO 0026
172,0,76,AC004C,TOYO 0027
156,17,66,9C1142,TOYO 0028
193,44,97,C12C61,TOYO 0029
217,14,114,D90E72,TOYO 0030
228,86,146,E45692,TOYO 0031
188,88,121,BC5879,TOYO 0032
150,54,84,963654,TOYO 0033
211,0,93,D3005D,TOYO 0034
203,0,75,CB004B,TOYO 0035
220,26,98,DC1A62,TOYO 0036
157,82,94,9D525E,TOYO 0037
230,87,145,E65791,TOYO 0038
227,71,133,E34785,TOYO 0039
238,137,174,EE89AE,TOYO 0040
242,123,158,F27B9E,TOYO 0041
223,116,147,DF7493,TOYO 0042
229,98,132,E56284,TOYO 0043
234,64,108,EA406C,TOYO 0044
202,0,52,CA0034,TOYO 0045
215,0,64,D70040,TOYO 0046
218,131,145,DA8391,TOYO 0047
243,173,190,F3ADBE,TOYO 0048
245,165,184,F5A5B8,TOYO 0049
247,181,193,F7B5C1,TOYO 0050
233,181,186,E9B5BA,TOYO 0051
232,195,197,E8C3C5,TOYO 0052
244,196,197,F4C4C5,TOYO 0053
241,198,195,F1C6C3,TOYO 0054
242,191,184,F2BFB8,TOYO 0055
247,168,170,F7A8AA,TOYO 0056
255,161,169,FFA1A9,TOYO 0057
209,116,133,D17485,TOYO 0058
245,107,131,F56B83,TOYO 0059
249,97,124,F9617C,TOYO 0060
213,57,85,D53955,TOYO 0061
209,90,106,D15A6A,TOYO 0062
217,0,66,D90042,TOYO 0063
210,0,56,D20038,TOYO 0064
184,0,50,B80032,TOYO 0065
195,42,69,C32A45,TOYO 0066
181,19,52,B51334,TOYO 0067
189,64,74,BD404A,TOYO 0068
217,0,46,D9002E,TOYO 0069
221,0,46,DD002E,TOYO 0070
225,3,51,E10333,TOYO 0071
229,27,67,E51B43,TOYO 0072
230,29,61,E61D3D,TOYO 0073
227,102,109,E3666D,TOYO 0074
246,72,85,F64855,TOYO 0075
242,56,67,F23843,TOYO 0076
246,69,76,F6454C,TOYO 0077
252,78,75,FC4E4B,TOYO 0078
255,127,129,FF7F81,TOYO 0079
255,111,111,FF6F6F,TOYO 0080
255,133,124,FF857C,TOYO 0081
255,162,159,FFA29F,TOYO 0082
255,153,146,FF9992,TOYO 0083
253,175,165,FDAFA5,TOYO 0084
255,96,86,FF6056,TOYO 0085
255,80,78,FF504E,TOYO 0086
229,67,67,E54343,TOYO 0087
240,50,57,F03239,TOYO 0088
197,24,48,C51830,TOYO 0089
187,34,40,BB2228,TOYO 0090
199,31,40,C71F28,TOYO 0091
175,77,78,AF4D4E,TOYO 0092
189,68,69,BD4445,TOYO 0093
167,46,52,A72E34,TOYO 0094
170,53,51,AA3533,TOYO 0095
195,40,45,C3282D,TOYO 0096
202,46,42,CA2E2A,TOYO 0097
217,38,43,D9262B,TOYO 0098
229,24,40,E51828,TOYO 0099
233,35,42,E9232A,TOYO 0100
234,28,19,EA1C13,TOYO 0101
245,49,7,F53107,TOYO 0102
251,63,41,FB3F29,TOYO 0103
243,95,82,F35F52,TOYO 0104
255,109,94,FF6D5E,TOYO 0105
255,137,121,FF8979,TOYO 0106
255,142,114,FF8E72,TOYO 0107
255,168,149,FFA895,TOYO 0108
255,160,136,FFA088,TOYO 0109
255,104,69,FF6845,TOYO 0110
255,94,61,FF5E3D,TOYO 0111
249,106,69,F96A45,TOYO 0112
255,75,44,FF4B2C,TOYO 0113
189,88,71,BD5847,TOYO 0114
179,57,48,B33930,TOYO 0115
183,77,45,B74D2D,TOYO 0116
210,67,45,D2432D,TOYO 0117
202,72,37,CA4825,TOYO 0118
225,76,43,E14C2B,TOYO 0119
244,77,19,F44D13,TOYO 0120
213,82,24,D55218,TOYO 0121
230,84,27,E6541B,TOYO 0122
185,72,28,B9481C,TOYO 0123
226,110,60,E26E3C,TOYO 0124
254,79,0,FE4F00,TOYO 0125
249,109,59,F96D3B,TOYO 0126
255,119,68,FF7744,TOYO 0127
255,92,0,FF5C00,TOYO 0128
228,126,80,E47E50,TOYO 0129
255,136,89,FF8859,TOYO 0130
255,160,118,FFA076,TOYO 0131
255,149,104,FF9568,TOYO 0132
247,201,181,F7C9B5,TOYO 0133
244,206,193,F4CEC1,TOYO 0134
247,205,180,F7CDB4,TOYO 0135
254,180,149,FEB495,TOYO 0136
251,190,157,FBBE9D,TOYO 0137
251,192,153,FBC099,TOYO 0138
255,147,100,FF9364,TOYO 0139
203,83,17,CB5311,TOYO 0140
223,140,85,DF8C55,TOYO 0141
228,125,70,E47D46,TOYO 0142
238,123,51,EE7B33,TOYO 0143
255,102,0,FF6600,TOYO 0144
255,110,0,FF6E00,TOYO 0145
255,123,0,FF7B00,TOYO 0146
255,127,43,FF7F2B,TOYO 0147
255,133,0,FF8500,TOYO 0148
255,163,92,FFA35C,TOYO 0149
255,173,116,FFAD74,TOYO 0150
253,188,127,FDBC7F,TOYO 0151
228,133,60,E4853C,TOYO 0152
235,115,0,EB7300,TOYO 0153
236,125,0,EC7D00,TOYO 0154
239,142,59,EF8E3B,TOYO 0155
210,108,9,D26C09,TOYO 0156
194,111,21,C26F15,TOYO 0157
213,121,17,D57911,TOYO 0158
217,132,0,D98400,TOYO 0159
234,144,39,EA9027,TOYO 0160
255,144,0,FF9000,TOYO 0161
255,164,0,FFA400,TOYO 0162
255,156,0,FF9C00,TOYO 0163
255,176,0,FFB000,TOYO 0164
240,158,39,F09E27,TOYO 0165
191,127,59,BF7F3B,TOYO 0166
182,113,53,B67135,TOYO 0167
242,174,104,F2AE68,TOYO 0168
255,185,113,FFB971,TOYO 0169
255,186,103,FFBA67,TOYO 0170
254,190,122,FEBE7A,TOYO 0171
252,196,135,FCC487,TOYO 0172
243,177,101,F3B165,TOYO 0173
243,186,108,F3BA6C,TOYO 0174
254,196,98,FEC462,TOYO 0175
249,211,134,F9D386,TOYO 0176
255,181,54,FFB536,TOYO 0177
255,180,18,FFB412,TOYO 0178
232,159,7,E89F07,TOYO 0179
253,173,0,FDAD00,TOYO 0180
198,134,0,C68600,TOYO 0181
231,174,0,E7AE00,TOYO 0182
255,194,41,FFC229,TOYO 0183
251,207,100,FBCF64,TOYO 0184
244,223,157,F4DF9D,TOYO 0185
246,220,134,F6DC86,TOYO 0186
255,193,0,FFC100,TOYO 0187
255,197,0,FFC500,TOYO 0188
255,200,0,FFC800,TOYO 0189
254,204,58,FECC3A,TOYO 0190
254,208,58,FED03A,TOYO 0191
255,205,0,FFCD00,TOYO 0192
226,181,19,E2B513,TOYO 0193
221,185,0,DDB900,TOYO 0194
191,144,35,BF9023,TOYO 0195
187,154,30,BB9A1E,TOYO 0196
172,139,31,AC8B1F,TOYO 0197
200,170,73,C8AA49,TOYO 0198
250,216,96,FAD860,TOYO 0199
255,217,0,FFD900,TOYO 0200
251,221,0,FBDD00,TOYO 0201
252,218,21,FCDA15,TOYO 0202
250,225,47,FAE12F,TOYO 0203
247,222,106,F7DE6A,TOYO 0204
246,221,134,F6DD86,TOYO 0205
250,218,69,FADA45,TOYO 0206
249,226,70,F9E246,TOYO 0207
247,227,97,F7E361,TOYO 0208
244,229,135,F4E587,TOYO 0209
240,230,174,F0E6AE,TOYO 0210
242,228,151,F2E497,TOYO 0211
234,227,119,EAE377,TOYO 0212
224,212,112,E0D470,TOYO 0213
234,220,0,EADC00,TOYO 0214
212,192,67,D4C043,TOYO 0215
205,184,0,CDB800,TOYO 0216
171,153,7,AB9907,TOYO 0217
171,159,24,AB9F18,TOYO 0218
138,134,31,8A861F,TOYO 0219
174,177,0,AEB100,TOYO 0220
199,207,0,C7CF00,TOYO 0221
178,200,0,B2C800,TOYO 0222
185,211,0,B9D300,TOYO 0223
201,206,0,C9CE00,TOYO 0224
215,218,63,D7DA3F,TOYO 0225
208,207,0,D0CF00,TOYO 0226
225,220,64,E1DC40,TOYO 0227
217,221,103,D9DD67,TOYO 0228
227,228,150,E3E496,TOYO 0229
209,223,98,D1DF62,TOYO 0230
202,224,129,CAE081,TOYO 0231
190,203,86,BECB56,TOYO 0232
162,186,54,A2BA36,TOYO 0233
130,152,48,829830,TOYO 0234
149,179,92,95B35C,TOYO 0235
175,192,111,AFC06F,TOYO 0236
189,215,39,BDD727,TOYO 0237
182,217,80,B6D950,TOYO 0238
198,218,130,C6DA82,TOYO 0239
185,213,104,B9D568,TOYO 0240
170,208,99,AAD063,TOYO 0241
176,211,114,B0D372,TOYO 0242
187,216,134,BBD886,TOYO 0243
147,204,67,93CC43,TOYO 0244
133,192,35,85C023,TOYO 0245
119,174,66,77AE42,TOYO 0246
124,164,82,7CA452,TOYO 0247
98,193,32,62C120,TOYO 0248
127,196,98,7FC462,TOYO 0249
156,207,122,9CCF7A,TOYO 0250
180,215,147,B4D793,TOYO 0251
166,211,143,A6D38F,TOYO 0252
127,178,103,7FB267,TOYO 0253
104,140,76,688C4C,TOYO 0254
99,145,81,639151,TOYO 0255
76,149,53,4C9535,TOYO 0256
68,155,65,449B41,TOYO 0257
87,199,84,57C754,TOYO 0258
97,187,80,61BB50,TOYO 0259
61,195,85,3DC355,TOYO 0260
0,171,51,00AB33,TOYO 0261
71,131,68,478344,TOYO 0262
67,125,79,437D4F,TOYO 0263
24,126,66,187E42,TOYO 0264
12,139,73,0C8B49,TOYO 0265
0,149,67,009543,TOYO 0266
81,152,102,519866,TOYO 0267
57,197,115,39C573,TOYO 0268
134,215,167,86D7A7,TOYO 0269
139,215,159,8BD79F,TOYO 0270
85,206,150,55CE96,TOYO 0271
0,184,102,00B866,TOYO 0272
0,177,99,00B163,TOYO 0273
0,164,84,00A454,TOYO 0274
0,122,71,007A47,TOYO 0275
83,145,109,53916D,TOYO 0276
71,188,134,47BC86,TOYO 0277
119,200,158,77C89E,TOYO 0278
166,214,179,A6D6B3,TOYO 0279
0,169,103,00A967,TOYO 0280
0,153,88,009958,TOYO 0281
0,138,65,008A41,TOYO 0282
0,127,89,007F59,TOYO 0283
0,131,85,008355,TOYO 0284
0,127,82,007F52,TOYO 0285
0,105,69,006945,TOYO 0286
0,104,75,00684B,TOYO 0287
0,179,124,00B37C,TOYO 0288
0,183,150,00B796,TOYO 0289
0,175,140,00AF8C,TOYO 0290
0,171,129,00AB81,TOYO 0291
0,153,108,00996C,TOYO 0292
0,156,111,009C6F,TOYO 0293
0,111,81,006F51,TOYO 0294
0,130,89,008259,TOYO 0295
0,138,106,008A6A,TOYO 0296
0,150,115,009673,TOYO 0297
0,122,97,007A61,TOYO 0298
0,109,88,006D58,TOYO 0299
0,135,110,00876E,TOYO 0300
0,167,142,00A78E,TOYO 0301
0,181,154,00B59A,TOYO 0302
0,180,157,00B49D,TOYO 0303
63,207,182,3FCFB6,TOYO 0304
160,207,187,A0CFBB,TOYO 0305
161,222,204,A1DECC,TOYO 0306
100,199,180,64C7B4,TOYO 0307
0,160,139,00A08B,TOYO 0308
0,145,122,00917A,TOYO 0309
0,164,150,00A496,TOYO 0310
0,146,128,009280,TOYO 0311
40,145,128,289180,TOYO 0312
0,169,148,00A994,TOYO 0313
172,217,203,ACD9CB,TOYO 0314
136,208,197,88D0C5,TOYO 0315
22,203,195,16CBC3,TOYO 0316
0,196,186,00C4BA,TOYO 0317
0,165,156,00A59C,TOYO 0318
0,139,128,008B80,TOYO 0319
0,128,122,00807A,TOYO 0320
0,99,86,006356,TOYO 0321
0,86,78,00564E,TOYO 0322
0,106,93,006A5D,TOYO 0323
0,131,117,008375,TOYO 0324
0,133,118,008576,TOYO 0325
0,159,150,009F96,TOYO 0326
30,190,189,1EBEBD,TOYO 0327
0,180,176,00B4B0,TOYO 0328
0,156,153,009C99,TOYO 0329
0,97,89,006159,TOYO 0330
0,134,130,008682,TOYO 0331
0,150,151,009697,TOYO 0332
0,130,131,008283,TOYO 0333
0,122,128,007A80,TOYO 0334
0,127,131,007F83,TOYO 0335
0,128,140,00808C,TOYO 0336
0,146,157,00929D,TOYO 0337
0,155,168,009BA8,TOYO 0338
0,195,200,00C3C8,TOYO 0339
103,208,209,67D0D1,TOYO 0340
175,218,213,AFDAD5,TOYO 0341
139,209,209,8BD1D1,TOYO 0342
66,195,202,42C3CA,TOYO 0343
0,187,196,00BBC4,TOYO 0344
53,176,182,35B0B6,TOYO 0345
61,195,204,3DC3CC,TOYO 0346
0,174,187,00AEBB,TOYO 0347
0,144,161,0090A1,TOYO 0348
0,162,189,00A2BD,TOYO 0349
0,168,187,00A8BB,TOYO 0350
0,107,121,006B79,TOYO 0351
0,115,131,007383,TOYO 0352
0,135,157,00879D,TOYO 0353
0,135,159,00879F,TOYO 0354
0,109,127,006D7F,TOYO 0355
0,104,126,00687E,TOYO 0356
0,125,169,007DA9,TOYO 0357
0,129,149,008195,TOYO 0358
0,188,212,00BCD4,TOYO 0359
104,205,219,68CDDB,TOYO 0360
111,206,220,6FCEDC,TOYO 0361
0,170,210,00AAD2,TOYO 0362
0,147,188,0093BC,TOYO 0363
0,131,172,0083AC,TOYO 0364
0,108,143,006C8F,TOYO 0365
0,105,139,00698B,TOYO 0366
0,155,197,009BC5,TOYO 0367
0,177,212,00B1D4,TOYO 0368
151,205,215,97CDD7,TOYO 0369
166,210,217,A6D2D9,TOYO 0370
0,157,182,009DB6,TOYO 0371
0,129,165,0081A5,TOYO 0372
0,125,155,007D9B,TOYO 0373
0,128,182,0080B6,TOYO 0374
0,140,192,008CC0,TOYO 0375
0,137,194,0089C2,TOYO 0376
0,117,166,0075A6,TOYO 0377
0,114,162,0072A2,TOYO 0378
0,84,124,00547C,TOYO 0379
0,121,176,0079B0,TOYO 0380
0,120,174,0078AE,TOYO 0381
0,124,197,007CC5,TOYO 0382
0,155,212,009BD4,TOYO 0383
0,160,213,00A0D5,TOYO 0384
0,187,221,00BBDD,TOYO 0385
60,176,195,3CB0C3,TOYO 0386
187,219,224,BBDBE0,TOYO 0387
140,206,222,8CCEDE,TOYO 0388
0,177,218,00B1DA,TOYO 0389
0,159,209,009FD1,TOYO 0390
0,126,172,007EAC,TOYO 0391
66,179,211,42B3D3,TOYO 0392
112,195,221,70C3DD,TOYO 0393
174,210,222,AED2DE,TOYO 0394
63,177,214,3FB1D6,TOYO 0395
69,179,218,45B3DA,TOYO 0396
113,180,213,71B4D5,TOYO 0397
160,204,221,A0CCDD,TOYO 0398
0,151,202,0097CA,TOYO 0399
0,122,192,007AC0,TOYO 0400
0,100,142,00648E,TOYO 0401
27,101,136,1B6588,TOYO 0402
0,140,206,008CCE,TOYO 0403
0,116,193,0074C1,TOYO 0404
0,100,174,0064AE,TOYO 0405
0,94,171,005EAB,TOYO 0406
0,96,162,0060A2,TOYO 0407
0,79,137,004F89,TOYO 0408
0,85,137,005589,TOYO 0409
0,122,187,007ABB,TOYO 0410
0,143,207,008FCF,TOYO 0411
0,103,185,0067B9,TOYO 0412
0,103,186,0067BA,TOYO 0413
0,93,175,005DAF,TOYO 0414
0,134,202,0086CA,TOYO 0415
0,107,189,006BBD,TOYO 0416
0,101,185,0065B9,TOYO 0417
0,85,161,0055A1,TOYO 0418
49,138,193,318AC1,TOYO 0419
73,156,203,499CCB,TOYO 0420
101,167,207,65A7CF,TOYO 0421
117,174,210,75AED2,TOYO 0422
156,191,216,9CBFD8,TOYO 0423
127,174,209,7FAED1,TOYO 0424
128,172,205,80ACCD,TOYO 0425
140,177,210,8CB1D2,TOYO 0426
59,139,196,3B8BC4,TOYO 0427
26,126,188,1A7EBC,TOYO 0428
16,99,147,106393,TOYO 0429
82,128,161,5280A1,TOYO 0430
0,97,163,0061A3,TOYO 0431
0,85,176,0055B0,TOYO 0432
0,73,151,004997,TOYO 0433
0,84,182,0054B6,TOYO 0434
0,68,165,0044A5,TOYO 0435
0,112,192,0070C0,TOYO 0436
79,153,207,4F99CF,TOYO 0437
136,172,208,88ACD0,TOYO 0438
120,158,202,789ECA,TOYO 0439
71,135,191,4787BF,TOYO 0440
0,73,149,004995,TOYO 0441
0,81,172,0051AC,TOYO 0442
0,68,155,00449B,TOYO 0443
23,94,165,175EA5,TOYO 0444
55,116,179,3774B3,TOYO 0445
120,160,202,78A0CA,TOYO 0446
94,128,185,5E80B9,TOYO 0447
63,107,172,3F6BAC,TOYO 0448
0,59,161,003BA1,TOYO 0449
0,42,139,002A8B,TOYO 0450
57,89,152,395998,TOYO 0451
100,127,185,647FB9,TOYO 0452
121,134,188,7986BC,TOYO 0453
148,162,193,94A2C1,TOYO 0454
157,166,199,9DA6C7,TOYO 0455
142,153,194,8E99C2,TOYO 0456
115,125,183,737DB7,TOYO 0457
85,91,160,555BA0,TOYO 0458
49,48,139,31308B,TOYO 0459
28,35,117,1C2375,TOYO 0460
45,51,124,2D337C,TOYO 0461
53,30,131,351E83,TOYO 0462
70,60,134,463C86,TOYO 0463
112,100,180,7064B4,TOYO 0464
141,143,192,8D8FC0,TOYO 0465
170,164,202,AAA4CA,TOYO 0466
133,125,182,857DB6,TOYO 0467
119,108,171,776CAB,TOYO 0468
119,111,162,776FA2,TOYO 0469
103,94,136,675E88,TOYO 0470
99,90,126,635A7E,TOYO 0471
164,151,205,A497CD,TOYO 0472
198,190,217,C6BED9,TOYO 0473
188,175,211,BCAFD3,TOYO 0474
142,115,187,8E73BB,TOYO 0475
85,69,143,55458F,TOYO 0476
91,41,137,5B2989,TOYO 0477
86,71,123,56477B,TOYO 0478
94,70,121,5E4679,TOYO 0479
99,58,134,633A86,TOYO 0480
121,77,176,794DB0,TOYO 0481
175,148,197,AF94C5,TOYO 0482
169,144,196,A990C4,TOYO 0483
199,184,212,C7B8D4,TOYO 0484
201,187,213,C9BBD5,TOYO 0485
184,165,203,B8A5CB,TOYO 0486
202,175,214,CAAFD6,TOYO 0487
144,120,164,9078A4,TOYO 0488
173,133,200,AD85C8,TOYO 0489
130,58,167,823AA7,TOYO 0490
112,59,135,703B87,TOYO 0491
128,18,147,801293,TOYO 0492
134,76,148,864C94,TOYO 0493
143,66,149,8F4295,TOYO 0494
144,61,146,903D92,TOYO 0495
119,69,130,774582,TOYO 0496
151,99,169,9763A9,TOYO 0497
147,106,153,936A99,TOYO 0498
190,158,191,BE9EBF,TOYO 0499
186,121,179,BA79B3,TOYO 0500
221,160,205,DDA0CD,TOYO 0501
224,176,212,E0B0D4,TOYO 0502
218,178,207,DAB2CF,TOYO 0503
219,193,212,DBC1D4,TOYO 0504
232,184,214,E8B8D6,TOYO 0505
229,167,209,E5A7D1,TOYO 0506
219,126,196,DB7EC4,TOYO 0507
187,90,182,BB5AB6,TOYO 0508
174,31,157,AE1F9D,TOYO 0509
160,0,146,A00092,TOYO 0510
128,39,125,80277D,TOYO 0511
151,61,142,973D8E,TOYO 0512
175,0,131,AF0083,TOYO 0513
166,38,124,A6267C,TOYO 0514
153,74,131,994A83,TOYO 0515
165,80,138,A5508A,TOYO 0516
255,113,204,FF71CC,TOYO 0517
255,134,202,FF86CA,TOYO 0518
255,130,184,FF82B8,TOYO 0519
255,142,161,FF8EA1,TOYO 0520
255,173,149,FFAD95,TOYO 0521
255,186,128,FFBA80,TOYO 0522
255,210,129,FFD281,TOYO 0523
248,252,125,F8FC7D,TOYO 0524
166,239,132,A6EF84,TOYO 0525
0,133,201,0085C9,TOYO 0526
181,139,126,B58B7E,TOYO 0527
212,168,160,D4A8A0,TOYO 0528
212,145,135,D49187,TOYO 0529
222,139,124,DE8B7C,TOYO 0530
236,145,115,EC9173,TOYO 0531
240,151,121,F09779,TOYO 0532
235,169,136,EBA988,TOYO 0533
237,167,126,EDA77E,TOYO 0534
197,141,113,C58D71,TOYO 0535
201,147,134,C99386,TOYO 0536
210,184,178,D2B8B2,TOYO 0537
204,155,123,CC9B7B,TOYO 0538
227,167,127,E3A77F,TOYO 0539
215,156,109,D79C6D,TOYO 0540
231,175,148,E7AF94,TOYO 0541
212,153,111,D4996F,TOYO 0542
198,162,127,C6A27F,TOYO 0543
203,135,100,CB8764,TOYO 0544
134,105,91,86695B,TOYO 0545
140,116,99,8C7463,TOYO 0546
166,137,123,A6897B,TOYO 0547
161,144,132,A19084,TOYO 0548
184,168,155,B8A89B,TOYO 0549
201,178,160,C9B2A0,TOYO 0550
197,176,157,C5B09D,TOYO 0551
215,197,188,D7C5BC,TOYO 0552
219,205,194,DBCDC2,TOYO 0553
223,208,202,DFD0CA,TOYO 0554
233,210,209,E9D2D1,TOYO 0555
241,209,204,F1D1CC,TOYO 0556
239,213,206,EFD5CE,TOYO 0557
240,215,206,F0D7CE,TOYO 0558
242,215,195,F2D7C3,TOYO 0559
221,197,184,DDC5B8,TOYO 0560
227,215,199,E3D7C7,TOYO 0561
229,214,201,E5D6C9,TOYO 0562
230,215,200,E6D7C8,TOYO 0563
231,210,187,E7D2BB,TOYO 0564
230,211,190,E6D3BE,TOYO 0565
242,218,182,F2DAB6,TOYO 0566
242,221,187,F2DDBB,TOYO 0567
236,224,200,ECE0C8,TOYO 0568
244,206,162,F4CEA2,TOYO 0569
244,203,163,F4CBA3,TOYO 0570
231,190,158,E7BE9E,TOYO 0571
216,188,167,D8BCA7,TOYO 0572
238,202,161,EECAA1,TOYO 0573
236,204,163,ECCCA3,TOYO 0574
214,184,142,D6B88E,TOYO 0575
218,193,166,DAC1A6,TOYO 0576
223,201,176,DFC9B0,TOYO 0577
203,177,153,CBB199,TOYO 0578
213,188,161,D5BCA1,TOYO 0579
193,166,142,C1A68E,TOYO 0580
221,172,116,DDAC74,TOYO 0581
214,174,127,D6AE7F,TOYO 0582
206,156,102,CE9C66,TOYO 0583
204,150,75,CC964B,TOYO 0584
188,156,115,BC9C73,TOYO 0585
168,153,121,A89979,TOYO 0586
159,137,99,9F8963,TOYO 0587
160,141,110,A08D6E,TOYO 0588
184,169,141,B8A98D,TOYO 0589
166,143,104,A68F68,TOYO 0590
182,176,158,B6B09E,TOYO 0591
193,178,148,C1B294,TOYO 0592
210,182,135,D2B687,TOYO 0593
214,193,160,D6C1A0,TOYO 0594
204,193,166,CCC1A6,TOYO 0595
215,208,188,D7D0BC,TOYO 0596
219,207,181,DBCFB5,TOYO 0597
221,199,164,DDC7A4,TOYO 0598
241,225,185,F1E1B9,TOYO 0599
238,228,194,EEE4C2,TOYO 0600
239,229,191,EFE5BF,TOYO 0601
238,229,192,EEE5C0,TOYO 0602
234,229,197,EAE5C5,TOYO 0603
217,212,184,D9D4B8,TOYO 0604
233,218,160,E9DAA0,TOYO 0605
219,201,130,DBC982,TOYO 0606
209,201,138,D1C98A,TOYO 0607
197,187,132,C5BB84,TOYO 0608
157,155,103,9D9B67,TOYO 0609
152,148,121,989479,TOYO 0610
171,166,144,ABA690,TOYO 0611
180,185,126,B4B97E,TOYO 0612
193,206,134,C1CE86,TOYO 0613
185,202,134,B9CA86,TOYO 0614
172,189,133,ACBD85,TOYO 0615
148,166,125,94A67D,TOYO 0616
188,195,154,BCC39A,TOYO 0617
193,198,168,C1C6A8,TOYO 0618
198,196,182,C6C4B6,TOYO 0619
221,222,201,DDDEC9,TOYO 0620
225,225,192,E1E1C0,TOYO 0621
224,230,197,E0E6C5,TOYO 0622
207,218,193,CFDAC1,TOYO 0623
211,228,207,D3E4CF,TOYO 0624
163,203,145,A3CB91,TOYO 0625
163,217,173,A3D9AD,TOYO 0626
217,222,212,D9DED4,TOYO 0627
196,206,194,C4CEC2,TOYO 0628
187,201,187,BBC9BB,TOYO 0629
170,178,156,AAB29C,TOYO 0630
161,179,158,A1B39E,TOYO 0631
139,173,144,8BAD90,TOYO 0632
119,177,135,77B187,TOYO 0633
138,168,149,8AA895,TOYO 0634
119,164,135,77A487,TOYO 0635
108,161,144,6CA190,TOYO 0636
93,157,146,5D9D92,TOYO 0637
97,130,108,61826C,TOYO 0638
68,139,116,448B74,TOYO 0639
72,145,128,489180,TOYO 0640
20,159,138,149F8A,TOYO 0641
96,148,132,609484,TOYO 0642
53,157,144,359D90,TOYO 0643
119,155,143,779B8F,TOYO 0644
97,174,151,61AE97,TOYO 0645
123,179,162,7BB3A2,TOYO 0646
124,176,164,7CB0A4,TOYO 0647
176,192,183,B0C0B7,TOYO 0648
157,199,190,9DC7BE,TOYO 0649
196,213,201,C4D5C9,TOYO 0650
205,225,213,CDE1D5,TOYO 0651
192,223,214,C0DFD6,TOYO 0652
144,165,160,90A5A0,TOYO 0653
162,166,158,A2A69E,TOYO 0654
133,188,184,85BCB8,TOYO 0655
63,156,152,3F9C98,TOYO 0656
80,134,131,508683,TOYO 0657
68,140,140,448C8C,TOYO 0658
82,137,139,52898B,TOYO 0659
101,128,133,658085,TOYO 0660
116,140,141,748C8D,TOYO 0661
155,182,178,9BB6B2,TOYO 0662
173,214,215,ADD6D7,TOYO 0663
132,201,204,84C9CC,TOYO 0664
113,194,196,71C2C4,TOYO 0665
65,173,178,41ADB2,TOYO 0666
132,180,181,84B4B5,TOYO 0667
104,161,162,68A1A2,TOYO 0668
66,143,151,428F97,TOYO 0669
9,112,122,09707A,TOYO 0670
39,127,143,277F8F,TOYO 0671
47,140,157,2F8C9D,TOYO 0672
107,150,155,6B969B,TOYO 0673
125,170,180,7DAAB4,TOYO 0674
145,173,180,91ADB4,TOYO 0675
178,197,198,B2C5C6,TOYO 0676
186,206,206,BACECE,TOYO 0677
150,171,178,96ABB2,TOYO 0678
112,173,184,70ADB8,TOYO 0679
69,144,160,4590A0,TOYO 0680
53,120,136,357888,TOYO 0681
39,140,163,278CA3,TOYO 0682
42,148,172,2A94AC,TOYO 0683
48,131,158,30839E,TOYO 0684
115,155,169,739BA9,TOYO 0685
110,154,175,6E9AAF,TOYO 0686
67,142,178,438EB2,TOYO 0687
108,132,147,6C8493,TOYO 0688
90,129,152,5A8198,TOYO 0689
109,153,181,6D99B5,TOYO 0690
173,203,213,ADCBD5,TOYO 0691
172,209,225,ACD1E1,TOYO 0692
190,205,215,BECDD7,TOYO 0693
190,203,211,BECBD3,TOYO 0694
165,190,205,A5BECD,TOYO 0695
172,189,205,ACBDCD,TOYO 0696
144,171,186,90ABBA,TOYO 0697
133,162,181,85A2B5,TOYO 0698
101,132,157,65849D,TOYO 0699
75,106,134,4B6A86,TOYO 0700
105,119,145,697791,TOYO 0701
103,110,130,676E82,TOYO 0702
128,134,150,808696,TOYO 0703
171,181,200,ABB5C8,TOYO 0704
191,199,209,BFC7D1,TOYO 0705
195,206,220,C3CEDC,TOYO 0706
216,213,213,D8D5D5,TOYO 0707
210,206,209,D2CED1,TOYO 0708
210,201,204,D2C9CC,TOYO 0709
205,201,217,CDC9D9,TOYO 0710
171,167,191,ABA7BF,TOYO 0711
99,101,139,63658B,TOYO 0712
134,132,159,86849F,TOYO 0713
126,113,138,7E718A,TOYO 0714
128,118,129,807681,TOYO 0715
119,108,117,776C75,TOYO 0716
181,176,183,B5B0B7,TOYO 0717
180,166,191,B4A6BF,TOYO 0718
216,203,212,D8CBD4,TOYO 0719
222,206,217,DECED9,TOYO 0720
231,206,216,E7CED8,TOYO 0721
233,215,221,E9D7DD,TOYO 0722
233,218,221,E9DADD,TOYO 0723
232,199,216,E8C7D8,TOYO 0724
173,156,171,AD9CAB,TOYO 0725
147,120,149,937895,TOYO 0726
158,108,151,9E6C97,TOYO 0727
175,132,168,AF84A8,TOYO 0728
206,131,171,CE83AB,TOYO 0729
152,119,139,98778B,TOYO 0730
173,126,136,AD7E88,TOYO 0731
184,135,148,B88794,TOYO 0732
197,185,182,C5B9B6,TOYO 0733
205,185,181,CDB9B5,TOYO 0734
215,199,194,D7C7C2,TOYO 0735
229,206,200,E5CEC8,TOYO 0736
224,171,180,E0ABB4,TOYO 0737
222,165,175,DEA5AF,TOYO 0738
203,158,172,CB9EAC,TOYO 0739
190,137,145,BE8991,TOYO 0740
207,148,154,CF949A,TOYO 0741
206,151,148,CE9794,TOYO 0742
207,171,166,CFABA6,TOYO 0743
162,135,134,A28786,TOYO 0744
144,119,116,907774,TOYO 0745
162,129,119,A28177,TOYO 0746
162,148,143,A2948F,TOYO 0747
239,227,206,EFE3CE,TOYO 0748
230,220,206,E6DCCE,TOYO 0749
227,218,198,E3DAC6,TOYO 0750
218,219,212,DADBD4,TOYO 0751
227,223,223,E3DFDF,TOYO 0752
212,211,203,D4D3CB,TOYO 0753
212,209,202,D4D1CA,TOYO 0754
208,201,200,D0C9C8,TOYO 0755
211,204,193,D3CCC1,TOYO 0756
210,209,197,D2D1C5,TOYO 0757
211,218,205,D3DACD,TOYO 0758
203,208,196,CBD0C4,TOYO 0759
201,197,182,C9C5B6,TOYO 0760
204,202,192,CCCAC0,TOYO 0761
204,204,206,CCCCCE,TOYO 0762
207,200,193,CFC8C1,TOYO 0763
204,198,187,CCC6BB,TOYO 0764
185,188,180,B9BCB4,TOYO 0765
177,191,185,B1BFB9,TOYO 0766
204,188,180,CCBCB4,TOYO 0767
182,180,175,B6B4AF,TOYO 0768
187,188,187,BBBCBB,TOYO 0769
195,180,170,C3B4AA,TOYO 0770
180,178,180,B4B2B4,TOYO 0771
189,182,171,BDB6AB,TOYO 0772
180,177,167,B4B1A7,TOYO 0773
176,177,169,B0B1A9,TOYO 0774
168,172,169,A8ACA9,TOYO 0775
170,162,150,AAA296,TOYO 0776
155,162,169,9BA2A9,TOYO 0777
161,157,151,A19D97,TOYO 0778
168,161,150,A8A196,TOYO 0779
149,161,158,95A19E,TOYO 0780
146,158,159,929E9F,TOYO 0781
158,156,141,9E9C8D,TOYO 0782
164,151,139,A4978B,TOYO 0783
161,169,174,A1A9AE,TOYO 0784
159,161,160,9FA1A0,TOYO 0785
149,151,144,959790,TOYO 0786
156,148,143,9C948F,TOYO 0787
149,149,148,959594,TOYO 0788
147,138,127,938A7F,TOYO 0789
147,147,149,939395,TOYO 0790
124,142,144,7C8E90,TOYO 0791
132,136,134,848886,TOYO 0792
119,126,129,777E81,TOYO 0793
130,130,130,828282,TOYO 0794
121,114,102,797266,TOYO 0795
117,116,108,75746C,TOYO 0796
128,118,102,807666,TOYO 0797
95,66,70,5F4246,TOYO 0798
84,47,52,542F34,TOYO 0799
67,49,49,433131,TOYO 0800
67,45,46,432D2E,TOYO 0801
100,35,44,64232C,TOYO 0802
121,28,51,791C33,TOYO 0803
145,29,55,911D37,TOYO 0804
164,58,73,A43A49,TOYO 0805
169,78,86,A94E56,TOYO 0806
124,41,48,7C2930,TOYO 0807
140,37,51,8C2533,TOYO 0808
171,40,44,AB282C,TOYO 0809
133,45,47,852D2F,TOYO 0810
149,45,43,952D2B,TOYO 0811
85,38,37,552625,TOYO 0812
93,70,58,5D463A,TOYO 0813
86,62,53,563E35,TOYO 0814
81,58,49,513A31,TOYO 0815
96,80,73,605049,TOYO 0816
126,109,106,7E6D6A,TOYO 0817
128,113,103,807167,TOYO 0818
104,93,85,685D55,TOYO 0819
86,70,62,56463E,TOYO 0820
86,57,41,563929,TOYO 0821
95,63,45,5F3F2D,TOYO 0822
136,96,75,88604B,TOYO 0823
93,43,34,5D2B22,TOYO 0824
85,42,31,552A1F,TOYO 0825
131,53,43,83352B,TOYO 0826
78,54,41,4E3629,TOYO 0827
80,53,29,50351D,TOYO 0828
114,89,69,725945,TOYO 0829
111,70,51,6F4633,TOYO 0830
148,51,39,943327,TOYO 0831
141,58,36,8D3A24,TOYO 0832
141,61,35,8D3D23,TOYO 0833
165,72,57,A54839,TOYO 0834
160,99,81,A06351,TOYO 0835
185,89,59,B9593B,TOYO 0836
129,61,32,813D20,TOYO 0837
107,60,33,6B3C21,TOYO 0838
131,62,24,833E18,TOYO 0839
165,73,22,A54916,TOYO 0840
162,83,16,A25310,TOYO 0841
131,87,53,835735,TOYO 0842
124,75,27,7C4B1B,TOYO 0843
135,86,17,875611,TOYO 0844
104,70,29,68461D,TOYO 0845
130,89,24,825918,TOYO 0846
165,109,15,A56D0F,TOYO 0847
100,82,51,645233,TOYO 0848
103,92,71,675C47,TOYO 0849
106,93,69,6A5D45,TOYO 0850
133,120,102,857866,TOYO 0851
75,63,50,4B3F32,TOYO 0852
69,55,26,45371A,TOYO 0853
79,63,23,4F3F17,TOYO 0854
116,90,28,745A1C,TOYO 0855
137,107,26,896B1A,TOYO 0856
155,111,12,9B6F0C,TOYO 0857
169,126,3,A97E03,TOYO 0858
147,124,19,937C13,TOYO 0859
145,131,86,918356,TOYO 0860
132,132,115,848473,TOYO 0861
133,127,103,857F67,TOYO 0862
120,115,97,787361,TOYO 0863
117,101,59,75653B,TOYO 0864
117,104,25,756819,TOYO 0865
114,106,23,726A17,TOYO 0866
103,91,29,675B1D,TOYO 0867
110,100,68,6E6444,TOYO 0868
75,68,45,4B442D,TOYO 0869
84,87,51,545733,TOYO 0870
99,104,33,636821,TOYO 0871
96,110,27,606E1B,TOYO 0872
133,139,68,858B44,TOYO 0873
139,137,102,8B8966,TOYO 0874
112,115,91,70735B,TOYO 0875
85,108,52,556C34,TOYO 0876
70,114,33,467221,TOYO 0877
76,79,31,4C4F1F,TOYO 0878
59,73,34,3B4922,TOYO 0879
55,84,41,375429,TOYO 0880
54,94,46,365E2E,TOYO 0881
50,76,53,324C35,TOYO 0882
45,86,61,2D563D,TOYO 0883
23,95,63,175F3F,TOYO 0884
73,92,77,495C4D,TOYO 0885
40,94,82,285E52,TOYO 0886
51,121,110,33796E,TOYO 0887
70,115,108,46736C,TOYO 0888
77,97,91,4D615B,TOYO 0889
0,86,63,00563F,TOYO 0890
0,78,57,004E39,TOYO 0891
0,63,50,003F32,TOYO 0892
11,61,50,0B3D32,TOYO 0893
0,73,63,00493F,TOYO 0894
0,101,84,006554,TOYO 0895
0,81,78,00514E,TOYO 0896
0,100,98,006462,TOYO 0897
13,100,99,0D6463,TOYO 0898
25,95,93,195F5D,TOYO 0899
6,123,118,067B76,TOYO 0900
6,82,88,065258,TOYO 0901
0,63,64,003F40,TOYO 0902
2,54,52,023634,TOYO 0903
0,83,87,005357,TOYO 0904
0,89,99,005963,TOYO 0905
0,103,109,00676D,TOYO 0906
0,97,107,00616B,TOYO 0907
0,109,115,006D73,TOYO 0908
22,91,100,165B64,TOYO 0909
0,81,92,00515C,TOYO 0910
0,57,66,003942,TOYO 0911
0,68,85,004455,TOYO 0912
0,59,71,003B47,TOYO 0913
0,77,106,004D6A,TOYO 0914
0,84,112,005470,TOYO 0915
0,80,106,00506A,TOYO 0916
0,78,100,004E64,TOYO 0917
0,79,104,004F68,TOYO 0918
0,55,60,00373C,TOYO 0919
59,109,122,3B6D7A,TOYO 0920
55,93,108,375D6C,TOYO 0921
47,85,101,2F5565,TOYO 0922
47,86,105,2F5669,TOYO 0923
8,55,67,083743,TOYO 0924
0,51,64,003340,TOYO 0925
0,69,101,004565,TOYO 0926
0,57,83,003953,TOYO 0927
0,60,93,003C5D,TOYO 0928
0,60,95,003C5F,TOYO 0929
0,57,97,003961,TOYO 0930
0,71,117,004775,TOYO 0931
0,53,107,00356B,TOYO 0932
0,59,119,003B77,TOYO 0933
0,52,96,003460,TOYO 0934
31,70,101,1F4665,TOYO 0935
60,79,98,3C4F62,TOYO 0936
16,50,67,103243,TOYO 0937
0,55,81,003751,TOYO 0938
6,48,72,063048,TOYO 0939
0,50,88,003258,TOYO 0940
0,52,91,00345B,TOYO 0941
1,53,97,013561,TOYO 0942
17,48,79,11304F,TOYO 0943
9,46,67,092E43,TOYO 0944
25,37,52,192534,TOYO 0945
25,38,47,19262F,TOYO 0946
19,43,69,132B45,TOYO 0947
8,47,102,082F66,TOYO 0948
56,66,100,384264,TOYO 0949
66,69,101,424565,TOYO 0950
50,54,69,323645,TOYO 0951
34,38,57,222639,TOYO 0952
46,45,88,2E2D58,TOYO 0953
59,40,105,3B2869,TOYO 0954
79,80,97,4F5061,TOYO 0955
91,95,121,5B5F79,TOYO 0956
88,94,126,585E7E,TOYO 0957
61,60,82,3D3C52,TOYO 0958
62,43,84,3E2B54,TOYO 0959
77,46,104,4D2E68,TOYO 0960
75,48,88,4B3058,TOYO 0961
66,41,76,42294C,TOYO 0962
70,61,83,463D53,TOYO 0963
103,91,117,675B75,TOYO 0964
126,101,119,7E6577,TOYO 0965
122,85,119,7A5577,TOYO 0966
93,60,106,5D3C6A,TOYO 0967
102,55,99,663763,TOYO 0968
78,42,72,4E2A48,TOYO 0969
59,39,62,3B273E,TOYO 0970
95,48,93,5F305D,TOYO 0971
118,38,96,762660,TOYO 0972
134,30,99,861E63,TOYO 0973
144,78,110,904E6E,TOYO 0974
124,73,96,7C4960,TOYO 0975
98,30,70,621E46,TOYO 0976
85,50,66,553242,TOYO 0977
108,73,85,6C4955,TOYO 0978
156,101,120,9C6578,TOYO 0979
158,84,109,9E546D,TOYO 0980
91,26,52,5B1A34,TOYO 0981
142,5,71,8E0547,TOYO 0982
132,4,59,84043B,TOYO 0983
157,95,106,9D5F6A,TOYO 0984
122,96,102,7A6066,TOYO 0985
115,82,86,735256,TOYO 0986
166,91,100,A65B64,TOYO 0987
126,132,127,7E847F,TOYO 0988
121,127,127,797F7F,TOYO 0989
105,122,130,697A82,TOYO 0990
115,127,127,737F7F,TOYO 0991
119,107,89,776B59,TOYO 0992
123,109,100,7B6D64,TOYO 0993
123,122,123,7B7A7B,TOYO 0994
117,116,112,757470,TOYO 0995
110,112,109,6E706D,TOYO 0996
97,112,119,617077,TOYO 0997
80,91,97,505B61,TOYO 0998
82,83,70,525346,TOYO 0999
79,79,81,4F4F51,TOYO 1000
85,84,80,555450,TOYO 1001
92,84,85,5C5455,TOYO 1002
89,90,90,595A5A,TOYO 1003
82,85,87,525557,TOYO 1004
66,79,88,424F58,TOYO 1005
76,77,77,4C4D4D,TOYO 1006
68,73,74,44494A,TOYO 1007
65,76,88,414C58,TOYO 1008
80,72,64,504840,TOYO 1009
59,62,58,3B3E3A,TOYO 1010
46,57,49,2E3931,TOYO 1011
48,67,60,30433C,TOYO 1012
61,61,59,3D3D3B,TOYO 1013
64,60,57,403C39,TOYO 1014
64,64,63,40403F,TOYO 1015
51,50,50,333232,TOYO 1016
50,53,44,32352C,TOYO 1017
43,44,46,2B2C2E,TOYO 1018
38,35,30,26231E,TOYO 1019
38,37,35,262523,TOYO 1020
27,31,32,1B1F20,TOYO 1021
179,180,178,B3B4B2,TOYO 1022
191,213,202,BFD5CA,TOYO 1023
237,210,194,EDD2C2,TOYO 1024
233,219,193,E9DBC1,TOYO 1025
237,212,177,EDD4B1,TOYO 1026
166,142,136,A68E88,TOYO 1027
150,138,130,968A82,TOYO 1028
172,168,117,ACA875,TOYO 1029
149,166,144,95A690,TOYO 1030
144,160,139,90A08B,TOYO 1031
139,168,160,8BA8A0,TOYO 1032
128,150,151,809697,TOYO 1033
89,145,158,59919E,TOYO 1034
109,146,156,6D929C,TOYO 1035
102,136,157,66889D,TOYO 1036
122,130,145,7A8291,TOYO 1037
126,130,144,7E8290,TOYO 1038
166,144,158,A6909E,TOYO 1039
182,143,156,B68F9C,TOYO 1040
181,128,135,B58087,TOYO 1041
167,171,170,A7ABAA,TOYO 1042
133,138,138,858A8A,TOYO 1043
126,128,126,7E807E,TOYO 1044
124,126,123,7C7E7B,TOYO 1045
141,151,145,8D9791,TOYO 1046
146,151,141,92978D,TOYO 1047
155,155,139,9B9B8B,TOYO 1048
139,120,85,8B7855,TOYO 1049
147,117,87,937557,TOYO 1050
